objId,IdentNr,VerwaltendeInstitution,Verantwortlich,Sachbegriff,Titel,AnzahlTeile,GeoBezug,Datierung,JahrVon,JahrBis,Maßangaben,Gewicht,MatTech,OnlineBeschreibung,KA_Luftfeuchtigkeit,KA_Temperatur,KA_Beleuchtung,KA_BemLeihfähigkt,WG_Zustand,WG_Ständerung,WG_AusVorgaben,WG_Restzeit_gh,SektionHF,BearbDatum,Credits,UrhbrFotograf_Stdbild,Standardbild,Hersteller,Künstler,ErwerbNotizAusgabe
124405,I C 8373,"Ethnologisches Museum, Staatliche Museen zu Berlin",EM-Süd- und Südostasien,Helm,,,Indien (Land); Naga (Ethnie),,,,"20 x 23,5 cm nur Hut Höhe x Durchmesser; 11 cm nur Verzierung Länge; < 2 kg Gewicht",Gewicht: < 2 kg,Bambus; Haar; Zahn,Beschriftung des Dias: Hüte Eintrag im historischen Hauptkatalog: Rohrhelm Eintrag historische Karteikarte: Rohrhelm mit BuscEintrag im historischen Hauptkatalogamm,52% r.F.,21° C ± 1° C,_EM/Aku-Hufo: Stufe 3 (mittlere Lichtempfindlichkeit) = max. 50 lx (150 000 lx h pro Jahr); UV-Anteil < 75 µW/lumen,ausleihfähig,"gut - befriedigend, mixed media mit Eberhauern","Layout offen, stehend oder über Halterung, beides benötigt eine Baisplatte mit Dorn, auf die der Innerkern für den Helm aufgesteckt werden kann, seitliche Zähne sollten aufliegen und nicht frei hängen","Vitrine - vertikal OK, aktive Klimatisierung, 100%iger UV Schutz, Beleuchtung nach Vorgabe",16,E55.8 Botanical Aspects,2019-05-27 00:00:00,"Ethnologisches Museum, Staatliche Museen zu Berlin",Dr. Alok Kumar Kanungo,M:\MuseumPlus\Produktiv\Sammlung\124405.jpg,,,"Das Ethnologisches Museum, Staatliche Museen zu Berlin bzw. eine Vorgängerinstitution erwarb das Objekt am 1879 (1881)."
119430,I C 8379,"Ethnologisches Museum, Staatliche Museen zu Berlin",EM-Süd- und Südostasien,Häuptlingsabzeichen,,1,Indien (Land); Naga (Ao-Naga) (Ethnie); Mailum (lt.Eintrag) Molung Kimong (Dorf),2. Hälfte 19. Jahrhundert,1851,1900,"20,5 x 47 x 1,7 cm Höhe x Breite x Tiefe; < 2 kg Gewicht",Gewicht: < 2 kg,"Zweifarbiges Rotangeflecht und bearbeitete Kaurischnecken; Schnur; Bambus; Haar, gefärbt; Pflanzenfasergeflecht; Messing","Häuptlingszeichen, zuweilen über der Brust getragen einheim. Bezeichnung ""Kaptang"" Beschreibung des Dia: Brustschmuck ""Feindeszähne""",52% r.F.,21° C ± 1° C,_EM/Aku-Hufo: Stufe 3 (mittlere Lichtempfindlichkeit) = max. 50 lx (150 000 lx h pro Jahr); UV-Anteil < 75 µW/lumen,ausleihfähig,gut,"ja, Tablar oder Ständer mit und ohne Standfuss, ggf. Abhängung über angepasste Halterung)","Vitrine - vertikal OK, aktive Klimatisierung, 100%iger UV Schutz, Beleuchtung nach Vorgabe",04,E55.2 Headhunting,2019-05-23 00:00:00,"Ethnologisches Museum, Staatliche Museen zu Berlin",,M:\MuseumPlus\Produktiv\Sammlung\119430.jpg,,,"Das Ethnologisches Museum, Staatliche Museen zu Berlin bzw. eine Vorgängerinstitution erwarb das Objekt 1879."
119452,I C 8402,"Ethnologisches Museum, Staatliche Museen zu Berlin",EM-Süd- und Südostasien,Webzwirn,,1,Indien (Land); Mailum (Dorf); Ao-Naga (Ethnie); historische Bezeichnung: Assam,2. Hälfte 19. Jahrhundert,1851,1900,"19,5 x 15 x 1,2 cm Objektmaß",,Bambus; Baumwolle,"einheim. Bezeichng. ""angnak"" (Webezwirn)",50% r.F.,21° C ± 1° C,"_EM/Aku-Hufo: Stufe 4 (hohe Lichtempfindlichkeit) = max. 50 lx (75 000 lx h pro Jahr/ 6 Monate, danach 5 Jahre Sperre); UV-Anteil < 75 µW/lumen",bedingt ausleihfähig,gut,"Layout offen, Varianten nach Absprache",Vitrine - flach / stehend (je nach Montageart!),,E55.8 Botanical Aspects,2019-05-27 00:00:00,"Ethnologisches Museum, Staatliche Museen zu Berlin",Martin Franken,M:\MuseumPlus\Produktiv\Sammlung\119452.jpg,,,"Das Ethnologisches Museum, Staatliche Museen zu Berlin bzw. eine Vorgängerinstitution erwarb das Objekt 1879."
119495,I C 8446,"Ethnologisches Museum, Staatliche Museen zu Berlin",EM-Süd- und Südostasien,Webgurt,,,Indien (Land); Naga (Ethnie); historische Bezeichnung: Assam,,,,102 x 14 cm Länge x Breite,,Leder; Bambus,,50% r.F.,21° C ± 1° C,"_EM/Aku-Hufo: Stufe 4 (hohe Lichtempfindlichkeit) = max. 50 lx (75 000 lx h pro Jahr/ 6 Monate, danach 5 Jahre Sperre); UV-Anteil < 75 µW/lumen",bedingt ausleihfähig,gut,"Layout offen, Varianten nach Absprache","Vitrine - flach / stehend (je nach Montageart!) ; aktive Klimatisierung, 100%iger UV-Schutz, Beleuchtung nach Vorgabe",05,E55.8 Botanical Aspects,2019-05-27 00:00:00,"Ethnologisches Museum, Staatliche Museen zu Berlin",Claudius Kamps,M:\MuseumPlus\Produktiv\Sammlung\119495.jpg,,,"Das Ethnologisches Museum, Staatliche Museen zu Berlin bzw. eine Vorgängerinstitution erwarb das Objekt 1879."
119522,I C 8474,"Ethnologisches Museum, Staatliche Museen zu Berlin",EM-Süd- und Südostasien,Halsschmuck aus Eberstoßzähnen,,1,Indien (Land); Naga (Ao-Naga) (Ethnie); Mailum (Dorf); historische Bezeichnung: Assam,2. Hälfte 19. Jahrhundert,1851,1900,"3 x 16,7 x 15,5 cm Höhe x Breite x Tiefe; < 2 kg Gewicht",Gewicht: < 2 kg,Eberzähne; Pflanzenfaser; Baumwollschnur; Steinperlen; Muschel,"Eintrag im historischen Hauptkatalog: ""Tschipo"" Halsband aus Eberzähnen",52% r.F.,21° C ± 1° C,_EM/Aku-Hufo: Stufe 3 (mittlere Lichtempfindlichkeit) = max. 50 lx (150 000 lx h pro Jahr); UV-Anteil < 75 µW/lumen,ausleihfähig,"gut-ausreichend, mixed media mit Eberhauer","keine / nein, ggf. Unterlage aus Hostaphan, ggf. mit Stiften sichern","Vitrine - liegend bis 30°; aktive Klimatisierung, 100% UV Schutz, Beleuchtung nach Vorgabe",12,E55.9 Textiles/Jewelery,2019-05-27 00:00:00,"Ethnologisches Museum, Staatliche Museen zu Berlin",,M:\MuseumPlus\Produktiv\Sammlung\119522.jpg,,,"Das Ethnologisches Museum, Staatliche Museen zu Berlin bzw. eine Vorgängerinstitution erwarb das Objekt 1879."
119524,I C 8476,"Ethnologisches Museum, Staatliche Museen zu Berlin",EM-Süd- und Südostasien,Halskette für Frauen,,1,Indien (Land); Naga (Ao-Naga) (Ethnie); Mailum (Dorf),2. Hälfte 19. Jahrhundert,1851,1900,"19,5 x 18 x 2,5 cm Höhe x Breite x Tiefe; < 2 kg Gewicht",Gewicht: < 2 kg,Teile von weißen Schneckengehäuse; Schmucksteinperlen; eine rote Samenkapsel; Baumwollfaden,"Eintrag im historischen Hauptkatalog: ""wamkum"" Halsband für Frauen",52% r.F.,21° C ± 1° C,_EM/Aku-Hufo: Stufe 2 (geringe Lichtempfindlichkeit) = max. 200 lx (600 000 lx h pro Jahr); UV-Anteil < 75 µW/lumen,ausleihfähig,gut,"keine / nein, liegend und ggf. mit Pins gegen verrutschen sichern","Vitrine - liegend bis 30°, aktive Klimatisierung, 100 %iger UV Schutz, Beleuchtung nach Vorgabe",02,E55.7 Materiality/Trade,2019-05-23 00:00:00,"Ethnologisches Museum, Staatliche Museen zu Berlin",Martin Franken,M:\MuseumPlus\Produktiv\Sammlung\119524.jpg,,,"Das Ethnologisches Museum, Staatliche Museen zu Berlin bzw. eine Vorgängerinstitution erwarb das Objekt 1879."
119533,I C 8486 a-c,"Ethnologisches Museum, Staatliche Museen zu Berlin",EM-Süd- und Südostasien,"Tätowiergerät (Harz, Nadeln)",,3,Indien (Land); Ao-Naga (Ethnie); Mailum (Dorf); historische Bezeichnung: assam,2. Hälfte 19. Jahrhundert,1851,1900,"a) 24,5 x 4 x 1,5 cm Objektmaß; c) 3,2 x 3 x 2,5 cm , plus drei Bruchstücke Objektmaß; b) 4,6 x 5 x 2 cm , Nadeln Objektmaß",,"Pflanzenfaser, Baumnadeln und Harz","Eintrag im historischen Hauptkatalog: Tättowirapparat Eintrag historische Karteikarte: ""missuri"" Tättowirapparat aus Dornen. Tätowiert darf nur derjenige Mann werden,der einen Schädel erbeutet hat.Mit blauen Strichen auf den Beinen dürfen sich nur freie Frauen zeigen. Harz zum blau Tätowieren = ""liang- mesing""",52% r.F.,21° C ± 1° C,_EM/Aku-Hufo: Stufe 3 (mittlere Lichtempfindlichkeit) = max. 50 lx (150 000 lx h pro Jahr); UV-Anteil < 75 µW/lumen,ausleihfähig,"gut - ausreichend, das pflanzliche Material ist sehr brüchig",keine / nein,"Vitrine - liegend, aktive Klimatisierung, 100%iger UV Schutz; Beleuchtung nach Vorgabe",04,E55.3 Tattoo,2019-05-24 00:00:00,"Ethnologisches Museum, Staatliche Museen zu Berlin",Martin Franken,M:\MuseumPlus\Produktiv\Sammlung\119533.jpg,,,"Das Ethnologisches Museum, Staatliche Museen zu Berlin bzw. eine Vorgängerinstitution erwarb das Objekt 1879."
119545,I C 8498,"Ethnologisches Museum, Staatliche Museen zu Berlin",EM-Süd- und Südostasien,Harz (Tätowier-),,,Indien (Land); Ao-Naga (Ethnie); Mailum (Dorf); historische Bezeichnung: Assam,,,,"6 x 2,5 x 1,5 cm Objektmaß",,Harz,,52% r.F.,21° C ± 1° C,_EM/Aku-Hufo: Stufe 2 (geringe Lichtempfindlichkeit) = max. 200 lx (600 000 lx h pro Jahr); UV-Anteil < 75 µW/lumen,ausleihfähig,gut,keine / nein,"Vitrine - liegend bis 30°, aktive Klimatisierung, 100% iger UV-Schutz, Beleuchtung nach Vorgabe",1,E55.3 Tattoo,2019-05-27 00:00:00,"Ethnologisches Museum, Staatliche Museen zu Berlin",Claudius Kamps,M:\MuseumPlus\Produktiv\Sammlung\119545.jpg,,,"Das Ethnologisches Museum, Staatliche Museen zu Berlin bzw. eine Vorgängerinstitution erwarb das Objekt 1879."
1854863,"I C 8612 a,b","Ethnologisches Museum, Staatliche Museen zu Berlin",EM-Süd- und Südostasien,Garnspindel mit Wolle,,1,Indien (Land); Garo (Achik) (Ethnie); Meghalaya (Bundesstaat); historische Bezeichnung: Assam (Asam),2. Hälfte 19. Jahrhundert,1851,1900,"31 x 4,5 cm (Spindel) Länge x Durchmesser; 28,5 cm (Bambusstab) Länge",,"Holz, Baumwolle",,50% r.F.,21° C ± 1° C,"_EM/Aku-Hufo: Stufe 4 (hohe Lichtempfindlichkeit) = max. 50 lx (75 000 lx h pro Jahr/ 6 Monate, danach 5 Jahre Sperre); UV-Anteil < 75 µW/lumen",bedingt ausleihfähig,gut,"Layout offen, Varianten nach Absprache","Vitrine - flach / stehend, aktive Klimatisierung,100%iger UV-Schutz, Beleuchtung nach Vorgabe",5,E55.8 Botanical Aspects,2019-05-27 00:00:00,"Ethnologisches Museum, Staatliche Museen zu Berlin",Claudius Kamps,M:\MuseumPlus\Produktiv\Sammlung\1854863.jpg,,,"Das Ethnologisches Museum, Staatliche Museen zu Berlin bzw. eine Vorgängerinstitution erwarb das Objekt 1879."
120043,I C 20105 b,"Ethnologisches Museum, Staatliche Museen zu Berlin",EM-Süd- und Südostasien,Überwurf zu einem Anzug,,,Indien (Land); Lhota-Naga  (Ethnie),,,,"148,5 x 148 cm Länge x Breite",,"Baumwolle, Wollstickerei","b. Überwurf zu einem kompletten Anzug, dazu gehören die Teile: c. Armband, d. Schürze, e. Ohrschmuck, f. Spitze für einen Speer",50% r.F.,21° C ± 1° C,"_EM/Aku-Hufo: Stufe 4 (hohe Lichtempfindlichkeit) = max. 50 lx (75 000 lx h pro Jahr/ 6 Monate, danach 5 Jahre Sperre); UV-Anteil < 75 µW/lumen",bedingt ausleihfähig,gut,"Layout offen, Varianten nach Absprache","Vitrine - flach / stehend (je nach Montageart!) ; aktive Klimatisierung,100%iger UV-Schutz, Beleuchtung nach Vorgabe",25,E55.9 Textiles/Jewelery,2013-04-22 00:00:00,"Ethnologisches Museum, Staatliche Museen zu Berlin",,M:\MuseumPlus\Produktiv\Sammlung\120043.jpg,,,"Das Ethnologisches Museum, Staatliche Museen zu Berlin bzw. eine Vorgängerinstitution erwarb das Objekt 1888 durch Schenkung."
988623,I C 26291 h-i,"Ethnologisches Museum, Staatliche Museen zu Berlin",EM-Süd- und Südostasien,Ohrschmuck für Männer,,2,Indien (Land); Naga (Angami) (Ethnie); historische Bezeichnung: Assam,2. Hälfte 19. Jahrhundert,1851,1900,"h: 39 x 7 x 7,5 cm Länge x Breite x Höhe; i: 41 x 8 x 6,5 cm Länge x Breite x Höhe; h,i < 2 kg Gewicht","Gewicht: h,i < 2 kg",Haar; Hiobstränen; Insektenpanzern; Harz; Metall; Holz,"Teile h-i. Ohrpflöcke, vom Anzug I C 26291 a-k Beschriftung des Dias I C 26291 h: Ohrschmuck Angami",50% r.F.,21° C ± 1° C,_EM/Aku-Hufo: Stufe 3 (mittlere Lichtempfindlichkeit) = max. 50 lx (150 000 lx h pro Jahr); UV-Anteil < 75 µW/lumen,bedingt ausleihfähig,"befriedigend, mixed media mit Metall, die Haare sind empfindlich","keine / nein; Pins oder Noppen zur Ausrichtung, bzw. Sicherung","Vitrine - liegend bis 30°; aktive Klimatisierung, 100% iger UV Schutz, Beleuchtung nach Vorgabe",08,E55.5 Fashion,2019-05-27 00:00:00,"Ethnologisches Museum, Staatliche Museen zu Berlin","Dallige-Smith, Mira",M:\MuseumPlus\Produktiv\Sammlung\988623.jpg,,,"Das Ethnologisches Museum, Staatliche Museen zu Berlin bzw. eine Vorgängerinstitution erwarb das Objekt 1894 durch Ankauf."
795793,I C 27981,"Ethnologisches Museum, Staatliche Museen zu Berlin",EM-Süd- und Südostasien,Kriegerkorb,,1,Indien (Land); Naga (Ethnie),2. Hälfte 19. Jahrhundert,1851,1900,31 x 33 x 15 cm Höhe x Breite x Tiefe; < 2 kg Gewicht,Gewicht: < 2 kg,verschiedene Pflanzenfasern; Quasten aus verschiedenen Fasern; Fellstreifen; Holzschnitzerei; Vogelschnäbel; Knöpfe; Perlen,"Beschriftung des Dias: Mit Vogel- u. Affenschädeln, Strohwedel und geschnitztem Menschenkopf Karteikarte : Tragkorb der Naga mit Holzschädel, darüber Eberzahn.",52% r.F.,21° C ± 1° C,_EM/Aku-Hufo: Stufe 3 (mittlere Lichtempfindlichkeit) = max. 50 lx (150 000 lx h pro Jahr); UV-Anteil < 75 µW/lumen,bedingt ausleihfähig,"befriedigend-ausreichend, mixed media und fragil",ja; L -förmige Halterung mit leichtem Winkel nach hinten mit Halterung/ Sicherung für den Gurt,"Vitrine - vertikal OK, aktive Klimatisierung, 100% iger UV-Schutz, Beleuchtung nach Vorgabe",32,E55.2 Headhunting,2019-05-16 00:00:00,"Ethnologisches Museum, Staatliche Museen zu Berlin",Martin Franken,M:\MuseumPlus\Produktiv\Sammlung\795793.jpg,,,"Das Ethnologisches Museum, Staatliche Museen zu Berlin bzw. eine Vorgängerinstitution erwarb das Objekt 1896 durch unbekannte Erwerbungsart."
831024,I C 27986,"Ethnologisches Museum, Staatliche Museen zu Berlin",EM-Süd- und Südostasien,Kriegerkorb,,1,Indien (Land); Naga (Ethnie),2. Hälfte 19. Jahrhundert,1851,1900,30 x 34 x 16 cm Objektmaß; mit Trageband 45 x 34 x 16 cm Objektmaß; < 2 kg Gewicht,Gewicht: < 2 kg,Bambusgeflecht; Holzschnitzerei; Pflanzenfaser; Haut; Glasperlen; Pflanzensamen; Wolle,"Eintrag im historischen Hauptkatalog: Tragkorb der Naga Eintrag historische Karteikarte: Tragkorb der Naga mit drei hölzernen Köpfen, dabei ein Totenschädel.",52% r.F.,21° C ± 1° C,_EM/Aku-Hufo: Stufe 3 (mittlere Lichtempfindlichkeit) = max. 50 lx (150 000 lx h pro Jahr); UV-Anteil < 75 µW/lumen,bedingt ausleihfähig,"gut-ausreichend, mixed media und fragil","Ja, L-förmige Halterung mit leichten Winkel nach hinten, mit Halterung/ Sicherung für den Gurt","Vitrine - vertikal OK, aktive Klimatisierung, 100%iger UV-Schutz, Beleuchtung nach Vorgabe",32,E55.3 Tattoo,2019-05-24 00:00:00,"Ethnologisches Museum, Staatliche Museen zu Berlin",,M:\MuseumPlus\Produktiv\Sammlung\831024.jpg,,,"Das Ethnologisches Museum, Staatliche Museen zu Berlin bzw. eine Vorgängerinstitution erwarb das Objekt 1896 durch unbekannte Erwerbungsart."
120085,I C 27997,"Ethnologisches Museum, Staatliche Museen zu Berlin",EM-Süd- und Südostasien,Gürtel,,,Indien (Land); Naga (Ethnie),2. Hälfte 19. Jahrhundert,1851,1900,10 x 31 cm Höhe x Durchmesser; einzelnes Band 1 cm Breite; < 2 kg Gewicht,Gewicht: < 2 kg,"Bambus, schwarz; Pflanzenfasergeflecht","Naga. Gürtel aus gespaltenem Rohr, geölt und im Rauche gesachwärzt",52% r.F.,21° C ± 1° C,_EM/Aku-Hufo: Stufe 3 (mittlere Lichtempfindlichkeit) = max. 50 lx (150 000 lx h pro Jahr); UV-Anteil < 75 µW/lumen,ausleihfähig,gut,"keine / nein, ggf. Präsentation über Halterung mit 3-4 Auflagepunkte möglich","Vitrine - liegend bis 30°, aktive Klimatisieurng, 100%iger UV Schutz, Beleuchtung nach Vorgabe",04,E55.9 Textiles/Jewelery,2019-05-24 00:00:00,"Ethnologisches Museum, Staatliche Museen zu Berlin",,M:\MuseumPlus\Produktiv\Sammlung\120085.jpg,,,"Das Ethnologisches Museum, Staatliche Museen zu Berlin bzw. eine Vorgängerinstitution erwarb das Objekt 1896 durch unbekannte Erwerbungsart."
120095,"I C 28008 a,b","Ethnologisches Museum, Staatliche Museen zu Berlin",EM-Süd- und Südostasien,Ohrschmuck,,,Indien (Land); Naga (Ethnie),2. Hälfte 19. Jahrhundert,1851,1900,"b: 8,5 x 12,5 x 3 cm Objektmaß; < 2 kg Gewicht",Gewicht: < 2 kg,"Haar, Pflanzenfaser",,52% r.F.,21° C ± 1° C,_EM/Aku-Hufo: Stufe 3 (mittlere Lichtempfindlichkeit) = max. 50 lx (150 000 lx h pro Jahr); UV-Anteil < 75 µW/lumen,ausleihfähig,"befriedigend, Haare und Pflanzenfaser sind fragiler","Layout offen, ggf. stehende, angpasste Halterung möglich, liegen Hostaphan unterlegen","Vitrine - liegend bis 30°, aktive Klimatisierung, 100%iger UV-Schutz, Beleuchtung nach Vorgaben",6,E55.9 Textiles/Jewelery,2019-05-27 00:00:00,"Ethnologisches Museum, Staatliche Museen zu Berlin",Claudius Kamps,M:\MuseumPlus\Produktiv\Sammlung\120095.jpg,,,"Das Ethnologisches Museum, Staatliche Museen zu Berlin bzw. eine Vorgängerinstitution erwarb das Objekt 1896 durch unbekannte Erwerbungsart."
120096,I C 28009,"Ethnologisches Museum, Staatliche Museen zu Berlin",EM-Süd- und Südostasien,Dao-Messer,,,Indien (Land); Naga (Ethnie),,,,"67 x 17 x 7,5 cm Objektmaß",,"Haar, Eisenlegierung, Holz, pflanzliches Material","Dao, Waffe und Handwerkzeug",50% r.F.,21° C ± 1° C,3. Stufe (Mittlere Empfindlichkeit) = max. 50 lx (150 000 lx h pro Jahr),bedingt ausleihfähig,"befriedigend, mixed media mit Metall","Layout offen, Hängung über 2 Punkte möglich oder Ständerung","Vitrine, 100%iger UV - Schutz, Beleuchtung nach Vorgabe",16,E55.2 Headhunting,2019-05-27 00:00:00,"Ethnologisches Museum, Staatliche Museen zu Berlin",,M:\MuseumPlus\Produktiv\Sammlung\120096.jpg,,,"Das Ethnologisches Museum, Staatliche Museen zu Berlin bzw. eine Vorgängerinstitution erwarb das Objekt 1896 durch Zugang ungeklärt."
122869,"I C 28010 a,b","Ethnologisches Museum, Staatliche Museen zu Berlin",EM-Süd- und Südostasien,Ohrpflockpaar,,2,Indien (Land); Naga (Ethnie),2. Hälfte 19. Jahrhundert,1851,1900,,,Bambus; Ziegen- oder Menschenhaar,,52% r.F.,21° C ± 1° C,_EM/Aku-Hufo: Stufe 3 (mittlere Lichtempfindlichkeit) = max. 50 lx (150 000 lx h pro Jahr); UV-Anteil < 75 µW/lumen,ausleihfähig,"befriedigend, mixed media mit gealtertem Karton/ Papier","Layout offen, liegend bis 30° oder Halterung über Kartonunterlage","Vitrine - liegend bis 30°, aktive Klimatisierung, 100%iger UV - Schutz, Beleuchtung nach Vorgabe",16,E55.1 Collecting the Naga,2019-05-16 00:00:00,"Ethnologisches Museum, Staatliche Museen zu Berlin",,M:\MuseumPlus\Produktiv\Sammlung\122869.jpg,,,"Das Ethnologisches Museum, Staatliche Museen zu Berlin bzw. eine Vorgängerinstitution erwarb das Objekt 1896 durch unbekannte Erwerbungsart."
120097,"I C 28011 a,b","Ethnologisches Museum, Staatliche Museen zu Berlin",EM-Süd- und Südostasien,Ohrgehänge,,2 X 2,Indien (Land); Naga (Ethnie),2. Hälfte 19. Jahrhundert,1851,1900,"a: 19 x 14 x 1,5 cm (aufgefächert) Objektmaß; b: 20 x 15,5 x 1,5 cm (aufgefächert) Objektmaß",,"Glasperlenstränge mit Pflanzenfaserquasten und Wicklungen aus Wolle, gefärbt","Ohrgehänge der Naga. Schweres schwarzes Haar, Perlen und trockene Blätter mit bunten Fasern umwickelt",52% r.F.,21° C ± 1° C,_EM/Aku-Hufo: Stufe 3 (mittlere Lichtempfindlichkeit) = max. 50 lx (150 000 lx h pro Jahr); UV-Anteil < 75 µW/lumen,ausleihfähig,"gut-befriedigend, gealterte Pflanzenfaser, fragiler",keine / nein; ggf. gegen verrtuschen mit Pins sichern,"Vitrine - liegend bis 30°;aktive Klimatisierung, 100%iger UV - Schutz, Vorgaben für Lich beachten",2,E55.9 Textiles/Jewelery,2019-05-27 00:00:00,"Ethnologisches Museum, Staatliche Museen zu Berlin",,M:\MuseumPlus\Produktiv\Sammlung\120097.jpg,,,"Das Ethnologisches Museum, Staatliche Museen zu Berlin bzw. eine Vorgängerinstitution erwarb das Objekt 1896 durch unbekannte Erwerbungsart."
120099,"I C 28013 a,b","Ethnologisches Museum, Staatliche Museen zu Berlin",EM-Süd- und Südostasien,Ohrpflöcke,,2,Indien (Land); Naga (Ethnie),2. Hälfte 19. Jahrhundert,1851,1900,"a) 15 x 3,2 cm Länge x Durchmesser; b) 14,7 x 3 cm Länge x Durchmesser; < 2 kg Gewicht",Gewicht: < 2 kg,Ziegenhorn; Pflanzenfaser,"Karteikarte : Ohrschmuck der Naga bestehend aus den Hörnern einer Antilope, die sich nur in hohen Berhgen findet. Die Hörner sind mit farbigem Rohr umflochten Beschriftung des Dias: Ziegenhorn-Ohrschmuck mit Orchideenstielen und rotem Rohr",52% r.F.,21° C ± 1° C,_EM/Aku-Hufo: Stufe 3 (mittlere Lichtempfindlichkeit) = max. 50 lx (150 000 lx h pro Jahr); UV-Anteil < 75 µW/lumen,ausleihfähig,gut,"Layout offen, legen oder Halterung über mindestens zwei Punkte","Vitrine - vertikal OK, aktive Klimatisierung, 100iger UV-Schutz, Licht nach Vorgabe",2,E55.5 Fashion,2019-05-27 00:00:00,"Ethnologisches Museum, Staatliche Museen zu Berlin",,M:\MuseumPlus\Produktiv\Sammlung\120099.jpg,,,"Das Ethnologisches Museum, Staatliche Museen zu Berlin bzw. eine Vorgängerinstitution erwarb das Objekt 1896 durch unbekannte Erwerbungsart."
120103,I C 28017,"Ethnologisches Museum, Staatliche Museen zu Berlin",EM-Süd- und Südostasien,Halskette,,1,Indien (Land); Naga (Ethnie),2. Hälfte 19. Jahrhundert,1851,1900,"44 x 6 x 0,8 cm Länge x Breite x Tiefe; < 2 kg Gewicht",Gewicht: < 2 kg,Samen; Orchideenstengel; Glasperlen,Karteikarte : Männerhalskette der Nagas,52 % r.F.,21° C ± 1° C,_EM/Aku-Hufo: Stufe 3 (mittlere Lichtempfindlichkeit) = max. 50 lx (150 000 lx h pro Jahr); UV-Anteil < 75 µW/lumen,ausleihfähig,gut,"Nein, ggf. mit Pins gegen verrutschen sichern","Vitrine - liegend bis 30°, aktive Klimatisierung, 100iger UV-Schutz, Beleuchtung nach Vorgabe, ggf. Hostaphan-folie unterlegen",2,E55.9 Textiles/Jewelery,2019-05-23 00:00:00,"Ethnologisches Museum, Staatliche Museen zu Berlin",,M:\MuseumPlus\Produktiv\Sammlung\120103.jpg,,,"Das Ethnologisches Museum, Staatliche Museen zu Berlin bzw. eine Vorgängerinstitution erwarb das Objekt 1896 durch unbekannte Erwerbungsart."
120125,I C 28105,"Ethnologisches Museum, Staatliche Museen zu Berlin",EM-Süd- und Südostasien,Tuch (Umhang),,1,Indien (Land); Angami-Naga  (Ethnie),2. Hälfte 19. Jahrhundert,1851,1900,"177 x 114,5 cm Länge x Breite; maximal 0,3 kg Gewicht","Gewicht: maximal 0,3 kg",Baumwolle,"Überwurf der Angami, von beiden Geschlechtern getragen",50% r.F.,21° C ± 1° C,"_EM/Aku-Hufo: Stufe 4 (hohe Lichtempfindlichkeit) = max. 50 lx (75 000 lx h pro Jahr/ 6 Monate, danach 5 Jahre Sperre); UV-Anteil < 75 µW/lumen",bedingt ausleihfähig,gut,"Layout offen, Varianten nach Absprache","Vitrine - vertikal OK, aktive Klimatisierung,100%iger UV-Schutz, Beleuchtung nach Vorgabe",10,E55.9 Textiles/Jewelery,2019-05-24 00:00:00,"Ethnologisches Museum, Staatliche Museen zu Berlin",Martin Franken,M:\MuseumPlus\Produktiv\Sammlung\120125.jpg,,,"Das Ethnologisches Museum, Staatliche Museen zu Berlin bzw. eine Vorgängerinstitution erwarb das Objekt 1896 durch Schenkung."
120126,I C 28106,"Ethnologisches Museum, Staatliche Museen zu Berlin",EM-Süd- und Südostasien,Kilt,,1,Indien (Land); Angami-Naga  (Ethnie),2. Hälfte 19. Jahrhundert,1851,1900,"126 x 38 cm Länge x Breite; maximal 0,3 kg Gewicht","Gewicht: maximal 0,3 kg",Baumwolle; Kaurischnecken,"Kilt, Kleidungsstück der Angami",50% r.F.,21° C ± 1° C,"Stufe 4 (sehr hohe Empfindlichkeit) = max. 50 lux, UV-Anteil < 75 µW/lumen (3 Monate pro Jahr, danach 5 Jahre Sperre)",bedingt ausleihfähig,befriedigend,"Layout offen, Varianten nach Absprache","Vitrine - flach / stehend (je nach Montageart!) ; aktive Klimatisierung,100%iger UV-Schutz, Beleuchtung nach Vorgabe",30,E55.7 Materiality/Trade,2019-05-24 00:00:00,"Ethnologisches Museum, Staatliche Museen zu Berlin",,M:\MuseumPlus\Produktiv\Sammlung\120126.jpg,,,"Das Ethnologisches Museum, Staatliche Museen zu Berlin bzw. eine Vorgängerinstitution erwarb das Objekt 1896 durch Schenkung."
120130,"I C 28110 a,b","Ethnologisches Museum, Staatliche Museen zu Berlin",EM-Süd- und Südostasien,Armspange für Frauen,,,Indien (Land); Angami-Naga  (Ethnie),,,,"a: 10,5 x 9 x 4 cm Objektmaß; b: 10,3 x 9 x 4 cm Objektmaß; a,b 910 g Gewicht","Gewicht: a,b 910 g","Messing, gegossen, geschmiedet und punzierzt",Armbänder für Angami Frauen,50% r.F.,21° C ± 1° C,"_EM/Aku-Hufo: Stufe 1 (keine Lichtempfindlichkeit) = keine Einschränkung, wenn keine Objekterwärmung durch Lichtquelle; UV-Anteil < 75 µW/lumen",ausleihfähig,"gut, Metall","Layout offen, legen oder angepasste Halterung","Vitrine - liegend bis 30°, aktive Klimatisierung,100%iger UV-Schutz, Beleuchtung nach Vorgabe",3,E55.9 Textiles/Jewelery,2019-05-27 00:00:00,"Ethnologisches Museum, Staatliche Museen zu Berlin",Claudius Kamps,M:\MuseumPlus\Produktiv\Sammlung\120130.jpg,,,"Das Ethnologisches Museum, Staatliche Museen zu Berlin bzw. eine Vorgängerinstitution erwarb das Objekt 1896 durch Schenkung."
120131,"I C 28111 a,b","Ethnologisches Museum, Staatliche Museen zu Berlin",EM-Süd- und Südostasien,Wadenstrümpfe (Gamaschen),,2,Indien (Land); Angami-Naga  (Ethnie),2. Hälfte 19. Jahrhundert,1851,1900,"a) 30 x 14 x 12,5 cm Höhe x Breite x Tiefe; b) 29,5 x 11,5 x 13 cm Höhe x Breite x Tiefe; bis 0,5 kg Gewicht; < 2 kg Gewicht","Gewicht: bis 0,5 kg; Gewicht: < 2 kg","Pflanzenfaser, geflochten; Baumwolle","""Pipa"" Wadenstrümpfe aus feinem Rohrgeflecht. Bedecken den Fuß vom Knöchel bis unters Knie. Diese Strümpfe werden meist direkt am Fuß geflochten und bleiben dann solange daran, bis sie abgetragen sind, d.h. etwa 3 Monate",52% r.F.,21° C ± 1° C,_EM/Aku-Hufo: Stufe 3 (mittlere Lichtempfindlichkeit) = max. 50 lx (150 000 lx h pro Jahr); UV-Anteil < 75 µW/lumen,ausleihfähig,befriedigend,"Layout offen, legen oder über Innenkerne/ Pins aufstellen","Vitrine - vertikal OK, aktive Klimatisierung, 100%iger UV Schutz, Beleuchtung nach Vorgabe",04,E55.8 Botanical Aspects,2019-05-23 00:00:00,"Ethnologisches Museum, Staatliche Museen zu Berlin",,M:\MuseumPlus\Produktiv\Sammlung\120131.jpg,,,"Das Ethnologisches Museum, Staatliche Museen zu Berlin bzw. eine Vorgängerinstitution erwarb das Objekt 1896 durch Schenkung."
120149,I C 28130,"Ethnologisches Museum, Staatliche Museen zu Berlin",EM-Süd- und Südostasien,Schild,,1,Indien (Land); Rengma - Naga (Ethnie); historische Bezeichnung: Assam,2. Hälfte 19. Jahrhundert,1851,1900,"154 x 51,5 x 4 cm Höhe x Breite x Tiefe; 2,37 kg Gewicht","Gewicht: 2,37 kg","Rohr, geflochten, besetzt mit gefärbtem Haar und Fell","Beschreibung des Dia: Schild (Naga) aus Bambus mit Büscheln aus rotgefärbtem Ziegenhaar, Bärenfellstreifen und Köpfen aus Bärenfell Eintrag im historischen Hauptkatalog: Schild Eintrag historische Karteikarte: ""Shingi"", Schild der Rengma- Naga",52% r.F.,21° C ± 1° C,_EM/Aku-Hufo: Stufe 3 (mittlere Lichtempfindlichkeit) = max. 50 lx (150 000 lx h pro Jahr); UV-Anteil < 75 µW/lumen,ausleihfähig,befriedigend,"Layout offen, Wandhalterung oder freie Halterung möglich, Halterung immer über mehrere Punkte notwendig","Vitrine - liegend bis 30°, aktive Klimatisierung, 100iger UV-Schutz, Beleuchtung nach Vorgabe",10,E55.11 Mainpiece,2019-05-27 00:00:00,"Ethnologisches Museum, Staatliche Museen zu Berlin",,M:\MuseumPlus\Produktiv\Sammlung\120149.jpg,,,"Das Ethnologisches Museum, Staatliche Museen zu Berlin bzw. eine Vorgängerinstitution erwarb das Objekt 1896 durch Schenkung."
120153,I C 28134,"Ethnologisches Museum, Staatliche Museen zu Berlin",EM-Süd- und Südostasien,Speer,,,Indien (Land); Angami-Naga  (Ethnie); historische Bezeichnung: Assam,,,,"213,5 cm (Schaft) Länge; 51,5 cm (Spitze) Länge; 256 cm (gesamt, lt. Karteikarte) Länge",,Metall; Holz; Ziegenhaar,,50% r.F.,21° C ± 1° C,_EM/Aku-Hufo: Stufe 3 (mittlere Lichtempfindlichkeit) = max. 50 lx (150 000 lx h pro Jahr); UV-Anteil < 75 µW/lumen,ausleihfähig,"gut-befriedigend, mixed media mit Metall","Ja, Wand- oder Standhalterung, mindestens ein Haltepunkt mit Sciherung für das Speerende, Speerspitze ist lose, kein Druck auf die Haare","Vitrine - vertikal OK, aktive Klimatisierung, 100%iger UV-Schutz, Beleuchtung nach Vorgabe",06,E55.11 Mainpiece,2019-05-27 00:00:00,"Ethnologisches Museum, Staatliche Museen zu Berlin",Dr. Alok Kumar Kanungo,M:\MuseumPlus\Produktiv\Sammlung\120153.jpg,,,"Das Ethnologisches Museum, Staatliche Museen zu Berlin bzw. eine Vorgängerinstitution erwarb das Objekt 1896 durch Schenkung."
1059272,"I C 28141 d,e,f,g,h,i,j,k,q","Ethnologisches Museum, Staatliche Museen zu Berlin",EM-Süd- und Südostasien,Nashornvogelfedern als Helmschmuck,,9 Teile,Indien (Land); Naga (Angami) (Ethnie),2. Hälfte 19. Jahrhundert,1851,1900,ca. je Feder 42 x 10 x 1 cm Höhe x Breite x Tiefe; je Feder < 2 kg Gewicht,Gewicht: je Feder < 2 kg,Federn des Nashornvogels,"Federn des Nashornvogels, Auszeichnung für tapfere Krieger. Insgesamt 20 Federn, nur 7 Vorrichtungen am Hut I C 28388 zum Befestigen der Federn. Weitere 3 Schmuckfedern I C 28141 a-c vorhanden, zum Brustschmuck gehörend? 7 Federn in dieser Aufbewahrungsschachtel, oben 4 und unten 3.",52% r.F.,21° C ± 1° C,_EM/Aku-Hufo: Stufe 3 (mittlere Lichtempfindlichkeit) = max. 50 lx (150 000 lx h pro Jahr); UV-Anteil < 75 µW/lumen,ausleihfähig,befriedigend,"Montage vor Ort, Teil einer Kopfbedeckung (Stecksystem)","Vitrine - vertikal OK, aktive Klimatisierung, 100%iger UV-Schutz, Beleuchtung nach Vorgabe",03,E55.1 Collecting the Naga,2019-05-23 00:00:00,"Ethnologisches Museum, Staatliche Museen zu Berlin",Claudius Kamps,M:\MuseumPlus\Produktiv\Sammlung\1059272.jpg,,,"Das Ethnologisches Museum, Staatliche Museen zu Berlin bzw. eine Vorgängerinstitution erwarb das Objekt 1896 durch Schenkung."
795978,"I C 28141 e,f <1>","Ethnologisches Museum, Staatliche Museen zu Berlin",EM-Süd- und Südostasien,Ohrschmuck,,2,Indien (Land); Angami-Naga  (Ethnie); historische Bezeichnung: Assam,2. Hälfte 19. Jahrhundert,1851,1900,"e: 36 x 6,5 cm Länge x Breite; f: 27 x 6,5 cm Länge x Breite; < 2 kg Gewicht",Gewicht: < 2 kg,Haar; Käferpanzer (Buprestis sternicornis); Hiobstränen; Metall,"Beschriftung des Dias: Brustschmuck Angami  Karteikarte : ""'Ohrschmuck' (Terhunua), aus Eberhauern mit rotgefärbtem Ziegenhaar. Das metallisch glänzende Mittelstück, welches von weißen Kernen umrahmt ist, besteht aus Flügeldeckeln eines Käfers, Buprestis sternieornis""",50% r.F.,21° C ± 1° C,_EM/Aku-Hufo: Stufe 3 (mittlere Lichtempfindlichkeit) = max. 50 lx (150 000 lx h pro Jahr); UV-Anteil < 75 µW/lumen,ausleihfähig,"befriedigend, Haar mit Metall","keine, liegend bis 30° Grad Schräge, mit Stiften oder Noppen ausrichten,bzw. sichern","Vitrine - liegend bis 30°, aktive Klimatisierung, 100%iger UV Schutz, Beleuchtung nach Vorgabe",08,E55.2 Headhunting,2019-05-27 00:00:00,"Ethnologisches Museum, Staatliche Museen zu Berlin",,M:\MuseumPlus\Produktiv\Sammlung\795978.jpg,,,"Das Ethnologisches Museum, Staatliche Museen zu Berlin bzw. eine Vorgängerinstitution erwarb das Objekt 1896 durch Schenkung."
120170,I C 28153,"Ethnologisches Museum, Staatliche Museen zu Berlin",EM-Süd- und Südostasien,Helm,,1,Indien (Land); Tupi-Naga  (Ethnie),2. Hälfte 19. Jahrhundert,1851,1900,"33,2 x 17,6 x 28 cm Höhe x Breite x Tiefe; < 2 kg Gewicht",Gewicht: < 2 kg,"Kopfbedeckung aus Pflanzenfasergeflecht, mit Fell überzogen, mit Zahn- und Holzapplikation und mit Haarquaste.","Eintrag im historischen Hauptkatalog: Helm , Asam: Naga- Tupi Eintrag historische Karteikarte: Helm , Asam: Naga- Tupi. Naga von Banpara, Joboka und Sangloi ect. Rohr mit Fell überzogen. Vorn großer Eberhauer. Nach beiden Seiten lange hölzerne Arme, mit rot, schwarz, weißen Enden und langen herabhängenden Harabusch.",52% r.F.,21° C ± 1° C,_EM/Aku-Hufo: Stufe 3 (mittlere Lichtempfindlichkeit) = max. 50 lx (150 000 lx h pro Jahr); UV-Anteil < 75 µW/lumen,ausleihfähig,"gut-befriedigend, mixed media mit Eberhauer",Layout offen; über Innenkern flach stehend oder Halterung mit Pin zum aufstecken des Innernkerns,"Vitrine - flach / stehend; aktive Klimatisierung, 100%iger UV-Schutz, Beleuchtung nach Vorgabe",06,E55.5 Fashion,2019-05-27 00:00:00,"Ethnologisches Museum, Staatliche Museen zu Berlin",Martin Franken,M:\MuseumPlus\Produktiv\Sammlung\120170.jpg,,,"Das Ethnologisches Museum, Staatliche Museen zu Berlin bzw. eine Vorgängerinstitution erwarb das Objekt 1896 durch Schenkung."
120176,I C 28160,"Ethnologisches Museum, Staatliche Museen zu Berlin",EM-Süd- und Südostasien,Leibgürtel (Schutzkleidung),,1,"Indien (Land); Naga (Ethnie); Muton, Banpara, Joboka, Sangloi (Ort); historische Bezeichnung: Assam",2. Hälfte 19. Jahrhundert,1851,1900,"23 x 21,5 x 19 cm Objektmaß; < 2 kg Gewicht",Gewicht: < 2 kg,Messing; Pflanzenfaser; Kaurischnecke,,50% r.F.,21° C ± 1° C,_EM/Aku-Hufo: Stufe 3 (mittlere Lichtempfindlichkeit) = max. 50 lx (150 000 lx h pro Jahr); UV-Anteil < 75 µW/lumen,ausleihfähig,"gut, mixed media mit Metall","Layout offen, steht nicht gut und stabil von alleine, Halter oder Kern auf der, der Gürtel aufgesetzt werden kann","Vitrine - vertikal OK; aktive Klimatisierung, 100%iger UV-Schutz, Beleuchtung nach Vorgabe",06,E55.2 Headhunting,2019-05-27 00:00:00,"Ethnologisches Museum, Staatliche Museen zu Berlin",Martin Franken,M:\MuseumPlus\Produktiv\Sammlung\120176.jpg,,,"Das Ethnologisches Museum, Staatliche Museen zu Berlin bzw. eine Vorgängerinstitution erwarb das Objekt 1896 durch Schenkung."
120189,I C 28173 a,"Ethnologisches Museum, Staatliche Museen zu Berlin",EM-Süd- und Südostasien,Ohrgehänge für Männer,,1,"Indien (Land); Naga (Banpara, Joboka) (Ethnie)",2. Hälfte 19. Jahrhundert,1851,1900,"24 x 7,5 x 2,5 cm Höhe x Breite x Tiefe; < 2 kg Gewicht",Gewicht: < 2 kg,"Pflanzenfasern, Orchideenfaser und Haar, zum Teil gefärbt","Karteikarte : Ohrgehänge der Männer von Banpara und Joboka. Um die Rosette von gelbem und rotem Rohrgeflecht schließen sich zwei Halbkreise von schwarz-weiß-rotem Haar, von deren einem ein Büschel schwarzes, vom anderen ein Büschel rothes Haar mit gelben Querstreifen ausgeht.",52% r.F.,21° C ± 1° C,_EM/Aku-Hufo: Stufe 3 (mittlere Lichtempfindlichkeit) = max. 50 lx (150 000 lx h pro Jahr); UV-Anteil < 75 µW/lumen,ausleihfähig,gut-befriedigend,"Nein, Stifte oder Noppen zum ausrichten, bzw. sichern","Vitrine - liegend bis 30°, aktive Klimatisierung, 100%iger UV-Schutz, Beleuchtung nach Vorgabe",02,E55.2 Headhunting,2019-05-27 00:00:00,"Ethnologisches Museum, Staatliche Museen zu Berlin",,M:\MuseumPlus\Produktiv\Sammlung\120189.jpg,,,"Das Ethnologisches Museum, Staatliche Museen zu Berlin bzw. eine Vorgängerinstitution erwarb das Objekt 1896 durch Schenkung."
1035734,I C 28173 f,"Ethnologisches Museum, Staatliche Museen zu Berlin",EM-Süd- und Südostasien,Ohrgehänge für Männer,,1,"Indien (Land); Naga (Banpara, Joboka) (Ethnie); historische Bezeichnung: Assam",2. Hälfte 19. Jahrhundert,1851,1900,"22,5 x 7,7 x 2,7 cm Objektmaß",,Pflanzenfaser; Haar,,52% r.F.,21° C ± 1° C,_EM/Aku-Hufo: Stufe 3 (mittlere Lichtempfindlichkeit) = max. 50 lx (150 000 lx h pro Jahr); UV-Anteil < 75 µW/lumen,ausleihfähig,gut,"keine / nein, liegend bis 30°, Stifte oder Noppen zum Ausrichten, bzw. sichern; ander Halterung muss abgestimmt werden","Vitrine - liegend bis 30°; aktive Klimatisierung, 100%iger UV-Schutz, Beleuchtung nach Vorgabe",02,E55.9 Textiles/Jewelery,2019-05-27 00:00:00,"Ethnologisches Museum, Staatliche Museen zu Berlin",Claudius Kamps,M:\MuseumPlus\Produktiv\Sammlung\1035734.jpg,,,"Das Ethnologisches Museum, Staatliche Museen zu Berlin bzw. eine Vorgängerinstitution erwarb das Objekt 1896 durch Schenkung."
1797073,I C 28184 a,"Ethnologisches Museum, Staatliche Museen zu Berlin",EM-Süd- und Südostasien,Dao-Messer,,1,Indien (Land); Naga (Ethnie),,,,"79 x 15 x 8,5 cm Objektmaß",,"Haar, Metall; Holz",,50% r.F.,21° C ± 1° C,_EM/Aku-Hufo: Stufe 3 (mittlere Lichtempfindlichkeit) = max. 50 lx (150 000 lx h pro Jahr); UV-Anteil < 75 µW/lumen,bedingt ausleihfähig,"befriedigend, mixed media mit Metall","Ja, System für Hängung oder Halterung","Vitrine - Hängung oder Ständerung; aktive Klimatisierung, 100%iger UV Schutz, Beleuchtung nach Vorgabe",16,E55.2 Headhunting,2019-05-27 00:00:00,"Ethnologisches Museum, Staatliche Museen zu Berlin",Claudius Kamps,M:\MuseumPlus\Produktiv\Sammlung\1797073.jpg,,,"Das Ethnologisches Museum, Staatliche Museen zu Berlin bzw. eine Vorgängerinstitution erwarb das Objekt 1896 durch Schenkung."
796170,I C 28184 b,"Ethnologisches Museum, Staatliche Museen zu Berlin",EM-Süd- und Südostasien,Dao-Messer,,,Indien (Land); Naga (Ethnie),2. Hälfte 19. Jahrhundert,1851,1900,"79 x 18 x 7,5 cm Höhe x Breite x Tiefe; ca. 1 kg Gewicht",Gewicht: ca. 1 kg,Holz; Pflanzenfaser; Metall; Haar,,50% r.F.,21° C ± 1° C,_EM/Aku-Hufo: Stufe 3 (mittlere Lichtempfindlichkeit) = max. 50 lx (150 000 lx h pro Jahr); UV-Anteil < 75 µW/lumen,ausleihfähig,"gut-befriedigend, mixed media mit Metall","Ja, Hängung oder Halterung über jeweils zwei Punkte","Vitrine - flach / stehend; Hängung oder Halterung, aktive Klimatisierung, 100%iger UV Schutz, Beleuchtung nach Vorgabe",16,E55.2 Headhunting,2019-05-27 00:00:00,"Ethnologisches Museum, Staatliche Museen zu Berlin",Claudius Kamps,M:\MuseumPlus\Produktiv\Sammlung\796170.jpg,,,"Das Ethnologisches Museum, Staatliche Museen zu Berlin bzw. eine Vorgängerinstitution erwarb das Objekt 1896 durch Schenkung."
120207,"I C 28193 f,g","Ethnologisches Museum, Staatliche Museen zu Berlin",EM-Süd- und Südostasien,Armschmuck,,2,Indien (Land); Nangta-Naga  (Ethnie),2.Hälfte 19. Jahrhundert,,,"f) 11 x 10,5 x 8,5 cm Höhe x Breite x Tiefe; g) 11,5 x 10 x 8,5 cm Höhe x Breite x Tiefe; f,g < 2 kg Gewicht","Gewicht: f,g < 2 kg","Pflanzenfaser, gefärbt; Bananenblatt; Messingdraht","Karteikarte : ""Lang pen"" (oder ""Sang pen"" ?), Armband der Nangta-Naga",52% r.F.,21° C ± 1° C,_EM/Aku-Hufo: Stufe 3 (mittlere Lichtempfindlichkeit) = max. 50 lx (150 000 lx h pro Jahr); UV-Anteil < 75 µW/lumen,ausleihfähig,gut,"Layout offen, stehend über Innenkern/ Pin, oder über Halterung (Teller mit Pin)","Vitrine - flach / stehend, aktive Klimatisierung, 100%iger UV Schutz, Beleuchtung nach Vorgabe",04,E55.9 Textiles/Jewelery,2019-05-27 00:00:00,"Ethnologisches Museum, Staatliche Museen zu Berlin",,M:\MuseumPlus\Produktiv\Sammlung\120207.jpg,,,"Das Ethnologisches Museum, Staatliche Museen zu Berlin bzw. eine Vorgängerinstitution erwarb das Objekt 1896 durch Schenkung."
120211,"I C 28196 a,b","Ethnologisches Museum, Staatliche Museen zu Berlin",EM-Süd- und Südostasien,Ohrpflöcke,,2,Indien (Land); Nangta-Naga  (Ethnie),2. Hälfte 19. Jahrhundert,1851,1900,"a: 24 x 4 x 2,5 cm Objektmaß; b: 24,5 x 3,5 x 2,5 cm Objektmaß; a,b < 2 kg Gewicht","Gewicht: a,b < 2 kg",Bambus; Haar; Pflanzenfasergeflecht,,52% r.F.,21° C ± 1° C,_EM/Aku-Hufo: Stufe 3 (mittlere Lichtempfindlichkeit) = max. 50 lx (150 000 lx h pro Jahr); UV-Anteil < 75 µW/lumen,bedingt ausleihfähig,befriedigend,"Nein, Schräge bis 30°, ggf. mit Stiften sichern","Vitrine - liegend bis 30°; aktive Klimatisierung, 100%iger UV-Schutz, Beleuchtung nach Vorgabe",04,E55.9 Textiles/Jewelery,2019-05-27 00:00:00,"Ethnologisches Museum, Staatliche Museen zu Berlin",,M:\MuseumPlus\Produktiv\Sammlung\120211.jpg,,,"Das Ethnologisches Museum, Staatliche Museen zu Berlin bzw. eine Vorgängerinstitution erwarb das Objekt 1896 durch Schenkung."
120245,I C 28237,"Ethnologisches Museum, Staatliche Museen zu Berlin",EM-Süd- und Südostasien,Schmuckanhänger aus Tigerklauen,,,Indien (Land); Namzik-Naga  (Ethnie),2. Hälfte 19. Jahrhundert,1851,1900,"9,5 x 11,6 x 1,7 cm Länge x Breite x Höhe; < 2 kg Gewicht",Gewicht: < 2 kg,"Tigerklauen, Kittmasse, Samenkapsel Elaeocarpus ganitrus; Pflanzenfaser",Karteikarte : Tigerklauen als Schmuck der Namzik-Naga,52% r.F.,21° C ± 1° C,_EM/Aku-Hufo: Stufe 3 (mittlere Lichtempfindlichkeit) = max. 50 lx (150 000 lx h pro Jahr); UV-Anteil < 75 µW/lumen,ausleihfähig,gut,"Nein, Schräge bis 30°, ggf. mit Stiften sichern","Vitrine - liegend bis 30°, aktive Klimatisierung, 100%iger UV Schutz, Beleuchtugn nach Vorgabe",02,E55.2 Headhunting,2019-05-27 00:00:00,"Ethnologisches Museum, Staatliche Museen zu Berlin",,M:\MuseumPlus\Produktiv\Sammlung\120245.jpg,,,"Das Ethnologisches Museum, Staatliche Museen zu Berlin bzw. eine Vorgängerinstitution erwarb das Objekt 1896 durch Schenkung."
120284,I C 28277 a,"Ethnologisches Museum, Staatliche Museen zu Berlin",EM-Süd- und Südostasien,Kopfband für Männer,,1,Indien (Land); Namsangia-Naga  (Ethnie),2. Hälfte 19. Jahrhundert,1851,1900,10 x 18 cm Höhe x Durchmesser; < 2 kg Gewicht,Gewicht: < 2 kg,Pflanzenfaser; Muschelschnecke,"Karteikarte : ""tok"", Kopfband der Namsangia-Männer",52% r.F.,20° C ± 2° C,_EM/Aku-Hufo: Stufe 3 (mittlere Lichtempfindlichkeit) = max. 50 lx (150 000 lx h pro Jahr); UV-Anteil < 75 µW/lumen,ausleihfähig,gut,"Ja, innenliegende Halterung, die das Kopfband auf leicht auf Spannung hält und das Gewicht der Schnecken abfängt","Vitrine - vertikal OK, aktive Klimatisierung, 100%iger UV Schutz, Beleuchtung nach Vorgabe",04,E55.9 Textiles/Jewelery,2016-05-25 00:00:00,"Ethnologisches Museum, Staatliche Museen zu Berlin",,M:\MuseumPlus\Produktiv\Sammlung\120284.jpg,,,"Das Ethnologisches Museum, Staatliche Museen zu Berlin bzw. eine Vorgängerinstitution erwarb das Objekt 1896 durch Schenkung."
120287,I C 28280 b,"Ethnologisches Museum, Staatliche Museen zu Berlin",EM-Süd- und Südostasien,Gürtel für Männer,,1,Indien (Land); Namsangia-Naga (Ethnie); historische Bezeichnung: Assam,2. Hälfte 19. Jahrhundert,1851,1900,"2,6 x 22 cm Höhe x Durchmesser; einzelnes Band 0,5 cm Breite; < 2 kg Gewicht",Gewicht: < 2 kg,"Bambus, bemalt","Karteikarte : ""Rangsang"", Gürtel für Namsangia Männer",52% r.F.,21° C ± 1° C,_EM/Aku-Hufo: Stufe 3 (mittlere Lichtempfindlichkeit) = max. 50 lx (150 000 lx h pro Jahr); UV-Anteil < 75 µW/lumen,leihfähig,gut,Nein,"Vitrine - liegend bis 30°, aktive Klimatisierung, 100%iger UV Schutz, Beleuchtung nach Vorgabe",2,E55.9 Textiles/Jewelery,2019-05-27 00:00:00,"Ethnologisches Museum, Staatliche Museen zu Berlin",,M:\MuseumPlus\Produktiv\Sammlung\120287.jpg,,,"Das Ethnologisches Museum, Staatliche Museen zu Berlin bzw. eine Vorgängerinstitution erwarb das Objekt 1896 durch Schenkung."
119791,I C 28289 <1>,"Ethnologisches Museum, Staatliche Museen zu Berlin",EM-Süd- und Südostasien,Halskette,,1,Indien (Land); Namsangia-Naga  (Ethnie),2. Hälfte 19. Jahrhundert,1851,1900,36 x 5 x 1 cm Länge x Breite x Höhe; < 2 kg Gewicht,Gewicht: < 2 kg,Pflanzenfasern; Schnur; Holzverstrebungen,"Karteikarte : ""Likpeang"", Halsband aus cylindrischen Perlen, Namsang",52% r.F.,21° C ± 1° C,_EM/Aku-Hufo: Stufe 3 (mittlere Lichtempfindlichkeit) = max. 50 lx (150 000 lx h pro Jahr); UV-Anteil < 75 µW/lumen,ausleihfähig,gut,"Nein, Schräge bis 30°, mit Stiften oder Noppen ausrichten, bzw. sichern","Vitrine - liegend bis 30°, aktive Klimatisierung, 100%iger UV Schutz, Beleuchtung nach Vorgabe",04,E55.9 Textiles/Jewelery,2019-05-27 00:00:00,"Ethnologisches Museum, Staatliche Museen zu Berlin",,M:\MuseumPlus\Produktiv\Sammlung\119791.jpg,,,"Das Ethnologisches Museum, Staatliche Museen zu Berlin bzw. eine Vorgängerinstitution erwarb das Objekt 1896 durch Schenkung."
119794,"I C 28292 a,b","Ethnologisches Museum, Staatliche Museen zu Berlin",EM-Süd- und Südostasien,Ohrschmuck,,2,Indien (Land); Namsangia-Naga  (Ethnie),2. Hälfte 19. Jahrhundert,1851,1900,"a,b ca. 23 x 7 cm Länge x Breite; a,b < 2 kg Gewicht","Gewicht: a,b < 2 kg",Haar; Glasperlen; Pflanzenfaser,,52% r.F.,21° C ± 1° C,_EM/Aku-Hufo: Stufe 3 (mittlere Lichtempfindlichkeit) = max. 50 lx (150 000 lx h pro Jahr); UV-Anteil < 75 µW/lumen,ausleihfähig,gut-befriedigend,"Nein, liegen bis 30°, mit Stiften gegen verrutschen sichern","Vitrine - liegend bis 30°, aktive Klimatisierung, 100%iger UV-Schutz, Beleuchtung nach Vorgabe",04,E55.9 Textiles/Jewelery,2019-05-27 00:00:00,"Ethnologisches Museum, Staatliche Museen zu Berlin",,M:\MuseumPlus\Produktiv\Sammlung\119794.jpg,,,"Das Ethnologisches Museum, Staatliche Museen zu Berlin bzw. eine Vorgängerinstitution erwarb das Objekt 1896 durch Schenkung."
119798,"I C 28295 a,b","Ethnologisches Museum, Staatliche Museen zu Berlin",EM-Süd- und Südostasien,Ohrschmuck,,1,Indien (Land); Namsangia-Naga  (Ethnie),2. Hälfte 19. Jahrhundert,1851,1900,"a) 16 x 9,5 x 2,4 cm Höhe x Breite x Tiefe; b) 16,5 x 10 x 2,3 cm Höhe x Breite x Tiefe; a,b < 2 kg Gewicht","Gewicht: a,b < 2 kg",Ziegenhorn mit Verzierungen aus Haar,"Ziegenhörner mit Büschen, Namsangia",52% r.F.,21° C ± 1° C,_EM/Aku-Hufo: Stufe 3 (mittlere Lichtempfindlichkeit) = max. 50 lx (150 000 lx h pro Jahr); UV-Anteil < 75 µW/lumen,ausleihfähig,gut,"Layout offen, liegen auf Schräge bis 30° mit Pins oder Noppen sichern, oder kleine Halterung über mindestens 2 Auflagepunkte","Vitrine - liegend bis 30°, aktive Klimatisierung, 100%iger UV Schutz, Beleuchtung nach Vorgabe",02,E55.5 Fashion,2015-08-24 00:00:00,"Ethnologisches Museum, Staatliche Museen zu Berlin",,M:\MuseumPlus\Produktiv\Sammlung\119798.jpg,,,"Das Ethnologisches Museum, Staatliche Museen zu Berlin bzw. eine Vorgängerinstitution erwarb das Objekt 1896 durch Schenkung."
119799,I C 28296,"Ethnologisches Museum, Staatliche Museen zu Berlin",EM-Süd- und Südostasien,Armring für Männer,,1,Indien (Land); Namsangia-Naga  (Ethnie),2. Hälfte 19. Jahrhundert,1851,1900,34 cm Durchmesser; innen 9 cm Durchmesser; < 2 kg Gewicht,Gewicht: < 2 kg,"Pflanzenfaser; Haar, gefärbt",Armring für Männer mit Haaren besetzt,52% r.F.,21° C ± 1° C,_EM/Aku-Hufo: Stufe 3 (mittlere Lichtempfindlichkeit) = max. 50 lx (150 000 lx h pro Jahr); UV-Anteil < 75 µW/lumen,ausleihfähig,gut,"Layout offen, liegend bis 30° oder angepasste Halterung (Ring oder Teller), die Haare dürfen nicht abknicken","Vitrine - flach / stehend bis 30° oder Halterung, aktive Klimatisierung, 100%iger UV Schutz, Beleuchtung nach Vorgabe",03,E55.9 Textiles/Jewelery,2019-05-27 00:00:00,"Ethnologisches Museum, Staatliche Museen zu Berlin",Martin Franken,M:\MuseumPlus\Produktiv\Sammlung\119799.jpg,,,"Das Ethnologisches Museum, Staatliche Museen zu Berlin bzw. eine Vorgängerinstitution erwarb das Objekt 1896 durch Schenkung."
1080158,I C 28340 a,"Ethnologisches Museum, Staatliche Museen zu Berlin",EM-Süd- und Südostasien,Ohrschmuck für Männer,,,Indien (Land); Borduaria-Naga  (Ethnie),2. Hälfte 19. Jahrhundert,1851,1900,27 x 7 cm Länge x Durchmesser; < 2 kg Gewicht,Gewicht: < 2 kg,Muschel; Haarquasten; Glasperlen; Pflanzenfaser; Holzschnitzerei; Bambus; Haar rot gefärbt,"Karteikarte : ""Tok muniyak"", Muscheln mit Haarbüscheln als Ohrschmuck für Borduaria-Männer",52% r.F.,21° C ± 1° C,_EM/Aku-Hufo: Stufe 3 (mittlere Lichtempfindlichkeit) = max. 50 lx (150 000 lx h pro Jahr); UV-Anteil < 75 µW/lumen,ausleihfähig,gut,"Nein, liegend bis 30°, ggf. mit Stiften oder Noppen ausrichten, bzw. sichern","Vitrine - liegend bis 30°, aktive Klimatisierung, 100%iger UV-Schutz, Beleuchtung nach Vorgabe",03,E55.3 Tattoo,2017-10-20 00:00:00,"Ethnologisches Museum, Staatliche Museen zu Berlin",Martin Franken,M:\MuseumPlus\Produktiv\Sammlung\1080158.jpg,,,"Das Ethnologisches Museum, Staatliche Museen zu Berlin bzw. eine Vorgängerinstitution erwarb das Objekt 1896 durch Schenkung."
1035689,"I C 28340 c,d","Ethnologisches Museum, Staatliche Museen zu Berlin",EM-Süd- und Südostasien,Ohrschmuck,,2,Indien (Land); Borduaria-Naga  (Ethnie),2. Hälfte 19. Jahrhundert,1851,1900,"c,d ) 17,5 x 6,5 x 3 cm Länge x Breite x Höhe; c,d < 2 kg Gewicht","Gewicht: c,d < 2 kg",Muschel; Bambus; Pflanzenfaser; Haare; Glasperlen; Koralle; Horn,,52% r.F.,21° C ± 1° C,_EM/Aku-Hufo: Stufe 3 (mittlere Lichtempfindlichkeit) = max. 50 lx (150 000 lx h pro Jahr); UV-Anteil < 75 µW/lumen,ausleihfähig,gut-befriedigend,"Nein, bis 30° Schräge, mit Stiften oder noppen unterstüzen, bzw. sichern","Vitrine - liegend bis 30°, aktive Klimatisierung, 100%iger UV Schutz, Beleuchtung nach Vorgabe",04,E55.9 Textiles/Jewelery,2015-08-24 00:00:00,"Ethnologisches Museum, Staatliche Museen zu Berlin",,M:\MuseumPlus\Produktiv\Sammlung\1035689.jpg,,,"Das Ethnologisches Museum, Staatliche Museen zu Berlin bzw. eine Vorgängerinstitution erwarb das Objekt 1896 durch Schenkung."
119845,"I C 28342 a,b","Ethnologisches Museum, Staatliche Museen zu Berlin",EM-Süd- und Südostasien,Armschmuck,,2,Indien (Land); Borduaria-Naga  (Ethnie),2. Hälfte 19. Jahrhundert,1851,1900,"a) 29 x 21 x 1 cm Höhe x Breite x Tiefe; b) 30 x 22 x 1 cm Höhe x Breite x Tiefe; a,b < 2 kg Gewicht","Gewicht: a,b < 2 kg",Haar; Pflanzenfaser,"Karteikarte : ""Kenrong"", Ringe für Arm mit Haarbüscheln, Borduaria-Männer",52% r.F.,21° C ± 1° C,_EM/Aku-Hufo: Stufe 3 (mittlere Lichtempfindlichkeit) = max. 50 lx (150 000 lx h pro Jahr); UV-Anteil < 75 µW/lumen,ausleihfähig,befriedigend,"Nein, liegend bis 30° Schräge, mit Stiften oder Noppen unterstützen, bzw. sichern","Vitrine - liegend bis 30°, aktive Klimatisierung, 100%iger UV Schutz, Beleuchtung nach Vorgabe",04,E55.9 Textiles/Jewelery,2015-08-24 00:00:00,"Ethnologisches Museum, Staatliche Museen zu Berlin",,M:\MuseumPlus\Produktiv\Sammlung\119845.jpg,,,"Das Ethnologisches Museum, Staatliche Museen zu Berlin bzw. eine Vorgängerinstitution erwarb das Objekt 1896 durch Schenkung."
1865853,I C 28343 b,"Ethnologisches Museum, Staatliche Museen zu Berlin",EM-Süd- und Südostasien,Haarschmuck,,,Indien (Land); Borduaria-Naga  (Ethnie),,,,49 x 28 x 2 cm Länge x Breite x Tiefe; < 2 kg Gewicht,Gewicht: < 2 kg,Horn; gefärbtes Ziegenhaar,,52% r.F.,21° C ± 1° C,_EM/Aku-Hufo: Stufe 3 (mittlere Lichtempfindlichkeit) = max. 50 lx (150 000 lx h pro Jahr); UV-Anteil < 75 µW/lumen,ausleihfähig,befriedigend,"Nein, legen, mit Stiften oder Noppen ausrichten, bzw. sichern.","Vitrine - liegend bis 30°, aktive Klimatisierung, 100%iger UV Schutz",4,E55.5 Fashion,2019-05-27 00:00:00,"Ethnologisches Museum, Staatliche Museen zu Berlin",Claudius Kamps,M:\MuseumPlus\Produktiv\Sammlung\1865853.jpg,,,"Das Ethnologisches Museum, Staatliche Museen zu Berlin bzw. eine Vorgängerinstitution erwarb das Objekt 1896 durch Schenkung."
120302,I C 28364,"Ethnologisches Museum, Staatliche Museen zu Berlin",EM-Süd- und Südostasien,Holzkopf als Halsschmuck,,1,Indien (Land); Borduaria-Naga (Ethnie),2. Hälfte 19. Jahrhundert,1851,1900,"6,3 x 4 x 3 cm Höhe x Breite x Tiefe; Band 25 cm Länge; < 2 kg Gewicht",Gewicht: < 2 kg,"Holz, geschnitzt; Pflanzenfaser","muong mit menschlichem Gesicht für Borduaria Männer Beschriftung des Dias: Holzkopf-Anhänger Borduria, Höhe 6,3 cm",52% r.F.,21° C ± 1° C,_EM/Aku-Hufo: Stufe 3 (mittlere Lichtempfindlichkeit) = max. 50 lx (150 000 lx h pro Jahr); UV-Anteil < 75 µW/lumen,ausleihfähig,gut,"Nein, keine Hängung über Schnur, liegend bis 30° Schräge, mit Stiften oder Noppen ausrichten, bzw. sichern","Vitrine - liegend bis 30°, aktive Klimatisierung, 100%iger UV Schutz, Beleuchtung nach Vorgabe",04,E55.3 Tattoo,2019-05-27 00:00:00,"Ethnologisches Museum, Staatliche Museen zu Berlin",,M:\MuseumPlus\Produktiv\Sammlung\120302.jpg,,,"Das Ethnologisches Museum, Staatliche Museen zu Berlin bzw. eine Vorgängerinstitution erwarb das Objekt 1896 durch Schenkung."
1035830,I C 28366 d,"Ethnologisches Museum, Staatliche Museen zu Berlin",EM-Süd- und Südostasien,Kriegerkorb,,1,Indien (Land); Borduaria-Naga  (Ethnie),2. Hälfte 19. Jahrhundert,1851,1900,35 x 29 x 14 cm (ohne Tragegurt) Höhe x Breite x Tiefe,,Pflanzenfaser; Vogelbalg; Kaurischneckengehäusen,"Der Korb und der seitlich befestigte Trageriemen sind aus schmalen Bambusstreifen hergestellt. Ein von außen aufgebundenes Gerüst aus Bambus dient der Stabilisierung der Seiten des Bodens. Die Bindungen sind ebenfalls mit pflanzlichem Material ausgeführt. Die Rückseite des Korbes wird durch eine Palmblattscheide stabilisiert. Die Vorderseite des Korbs ist mit einem Pflanzenfaserbüschel, einem Vogelbalg und Kaurischneckengehäusen verziert. Das Faserbüschel aus Pflanzenblättern ist unten links befestigt. Der Balg ist diagonal auf dem Korb appliziert, so dass die Spitzen der langen Konturfedern über die rechte untere Kante der Tasche herausragen. Über dem Balg liegt ein sich überkreuzendes Band mit aufgezogenen Kaurischneckengehäusen.",52% r.F.,21° C ± 1° C,_EM/Aku-Hufo: Stufe 3 (mittlere Lichtempfindlichkeit) = max. 50 lx (150 000 lx h pro Jahr); UV-Anteil < 75 µW/lumen,nicht ausleihfähig,"befriedigend-ausreichend, fragil
befriedigend-ausreichend","Ja, L förmige Halterung mit leichtem Winkel nach hinten, Sicherung gegen wegrutschen nach vorne, Sicherung für den Gurt, Abpolsterungen, Unterstützungen und Sicherungen für den Korb innen und außen
extern herzustellen","Vitrine - vertikal OK,
Vitrine - vertikal OK","24
24",E55.7 Materiality/Trade,2019-05-27 00:00:00,"Ethnologisches Museum, Staatliche Museen zu Berlin",,M:\MuseumPlus\Produktiv\Sammlung\1035830.jpg,,,"Das Ethnologisches Museum, Staatliche Museen zu Berlin bzw. eine Vorgängerinstitution erwarb das Objekt 1896 durch Schenkung."
1839732,I C 28370 b,"Ethnologisches Museum, Staatliche Museen zu Berlin",EM-Süd- und Südostasien,Dao-Schwert,,1,Indien (Land); Borduaria-Naga  (Ethnie),,,,70 x 15 x 7 cm Objektmaß,,Metall; Holz; Haar,,50% r.F.,21° C ± 1° C,_EM/Aku-Hufo: Stufe 3 (mittlere Lichtempfindlichkeit) = max. 50 lx (150 000 lx h pro Jahr); UV-Anteil < 75 µW/lumen,bedingt ausleihfähig,"befriedigend, mixed media mit Metall","Layout offen, Hängung oder Halterung, jeweils über mindestens 2 Punkte, dabei Schwerpunkt und Haare berücksichtigen, Abpolsterungen notwendig","Vitrine - Hängung oder Halterung, aktive Klimatisierung, 100%iger UV Schutz, Beleuchtung nach Vorgabe",8,E55.2 Headhunting,2019-05-27 00:00:00,"Ethnologisches Museum, Staatliche Museen zu Berlin",Claudius Kamps,M:\MuseumPlus\Produktiv\Sammlung\1839732.jpg,,,"Das Ethnologisches Museum, Staatliche Museen zu Berlin bzw. eine Vorgängerinstitution erwarb das Objekt 1896 durch Schenkung."
120412,I C 28373 a,"Ethnologisches Museum, Staatliche Museen zu Berlin",EM-Süd- und Südostasien,Männerkleid,,1,Indien (Land); Ao-Naga  (Ethnie); Mokokchung (Ort),2. Hälfte 19. Jahrhundert,1851,1900,"145x159 cm Höhe x Breite; ca. 0,9 kg Gewicht","Gewicht: ca. 0,9 kg","Baumwolle, bedruckt",Beschreibung des Dia: Tuch eines reichen Ao Kleider der Ao-Männer von Mokokchang,50% r.F.,21° C ± 1° C,"Stufe 4 (sehr hohe Empfindlichkeit) = max. 50 lux, UV-Anteil < 75 µW/lumen (3 Monate pro Jahr, danach 5 Jahre Sperre)",bedingt ausleihfähig,befriedigend,"Layout offen, Varianten nach Absprache","Vitrine – liegend, angeschrägt oder senkrecht (je nach Montageart) ; aktive Klimatisierung,100%iger UV-Schutz, Beleuchtung nach Vorgabe",40,E55.9 Textiles/Jewelery,2019-05-24 00:00:00,"Ethnologisches Museum, Staatliche Museen zu Berlin",Martin Franken,M:\MuseumPlus\Produktiv\Sammlung\120412.jpg,,,"Das Ethnologisches Museum, Staatliche Museen zu Berlin bzw. eine Vorgängerinstitution erwarb das Objekt 1896 durch Schenkung."
120417,I C 28378 a,"Ethnologisches Museum, Staatliche Museen zu Berlin",EM-Süd- und Südostasien,Männerkleid (Umhangtuch),,,Indien (Land); Naga (Ao-) (Ethnie),2. Hälfte 19. Jahrhundert,1851,1900,"170 x 145 cm Länge x Breite; 1,8 kg Gewicht","Gewicht: 1,8 kg",Baumwolle; Kaurischnecken; Haar; Feder,"Karteikarte : ""Jihussi"" , mit Kauri-Ornamenten besetztes Kleid eines Ao, vorn mir Haarfransen und Federn",50% r.F.,21° C ± 1° C,"_EM/Aku-Hufo: Stufe 4 (hohe Lichtempfindlichkeit) = max. 50 lx (75 000 lx h pro Jahr/ 6 Monate, danach 5 Jahre Sperre); UV-Anteil < 75 µW/lumen",bedingt ausleihfähig,gut,"Layout offen, Varianten nach Absprache","Vitrine - liegend bis 30°, aktive Klimatisierung,100%iger UV-Schutz, Beleuchtung nach Vorgabe",25,E55.9 Textiles/Jewelery,2019-05-24 00:00:00,"Ethnologisches Museum, Staatliche Museen zu Berlin",Martin Franken,M:\MuseumPlus\Produktiv\Sammlung\120417.jpg,,,"Das Ethnologisches Museum, Staatliche Museen zu Berlin bzw. eine Vorgängerinstitution erwarb das Objekt 1896 durch Schenkung."
796445,I C 28378 b,"Ethnologisches Museum, Staatliche Museen zu Berlin",EM-Süd- und Südostasien,Umhang für Frauen,,1,Indien (Land); Naga (Ao) (Ethnie),2. Hälfte 19. Jahrhundert,1851,1900,"1,5 cm Höhe; 192 x 118 cm Länge x Breite; 1,3 kg Gewicht","Gewicht: 1,3 kg",Baumwolle; Wolle; Haar; Kaurischnecken,"Karteikarte : ""Samsumsi"", Männerkleid der Ao. Die vorderen Franzen aus Haar mit Kaurimuscheln.",50% r.F.,21° C ± 1° C,"Stufe 4 (sehr hohe Empfindlichkeit) = max. 50 lux, UV-Anteil < 75 µW/lumen (3 Monate pro Jahr, danach 5 Jahre Sperre)",bedingt ausleihfähig,gut,"Layout offen, Varianten nach Absprache","Vitrine – liegend, angeschrägt oder senkrecht (je nach Montageart) ; aktive Klimatisierung,100%iger UV-Schutz, Beleuchtung nach Vorgabe",20,E55.9 Textiles/Jewelery,2019-05-23 00:00:00,"Ethnologisches Museum, Staatliche Museen zu Berlin",,M:\MuseumPlus\Produktiv\Sammlung\796445.jpg,,,"Das Ethnologisches Museum, Staatliche Museen zu Berlin bzw. eine Vorgängerinstitution erwarb das Objekt 1896 durch Schenkung."
120421,I C 28382,"Ethnologisches Museum, Staatliche Museen zu Berlin",EM-Süd- und Südostasien,Lendenschurz,,1,Indien (Land); Ao-Naga  (Ethnie),2. Hälfte 19. Jahrhundert,1851,1900,"251 cm Länge; 19 cm Breite; 1,5 cm Höhe; < 2 kg Gewicht",Gewicht: < 2 kg,Baumwollgewebe mit roter Webmusterung aus Wolle. Bemalung und Messingklammern.,"Karteikarte : ""Langtum"" ,Leibgurt eines Ao-Mannes mit Messing beschwert. Neue Beschreibung: mit gemalten anthropomorphen Figuren und Drongo-Vogel verziert, mit Messinggewichten beschwert.",50% r.F.,21° C ± 1° C,"Stufe 4 (sehr hohe Empfindlichkeit) = max. 50 lux, UV-Anteil < 75 µW/lumen (3 Monate pro Jahr, danach 5 Jahre Sperre)",bedingt ausleihfähig,befriedigend,"Layout offen, Varianten nach Absprache","Vitrine – liegend, angeschrägt oder senkrecht (je nach Montageart) ; aktive Klimatisierung,100%iger UV-Schutz, Beleuchtung nach Vorgabe",16,E55.3 Tattoo,2019-05-27 00:00:00,"Ethnologisches Museum, Staatliche Museen zu Berlin",Martin Franken,M:\MuseumPlus\Produktiv\Sammlung\120421.jpg,,,"Das Ethnologisches Museum, Staatliche Museen zu Berlin bzw. eine Vorgängerinstitution erwarb das Objekt 1896 durch Schenkung."
120426,I C 28387,"Ethnologisches Museum, Staatliche Museen zu Berlin",EM-Süd- und Südostasien,Helm,,1,Indien (Land); Ao-Naga  (Ethnie),2. Hälfte 19. Jahrhundert,1851,1900,"23,5 x 33 x 31,5 cm Höhe x Breite x Tiefe; < 2 kg Gewicht",Gewicht: < 2 kg,"Planzenfasergeflecht mit Applikationen aus Zahn, Horn Feder, gefärbtem Haar","Karteikarte : ""Kora"", Helm der Ao aus roth und gelbem Rohr geflochten mit eben solchem Halsriemen. Reich geschmückt mit Hörnern, Eberzähnen und Haar.",52% r.F.,21° C ± 1° C,_EM/Aku-Hufo: Stufe 3 (mittlere Lichtempfindlichkeit) = max. 50 lx (150 000 lx h pro Jahr); UV-Anteil < 75 µW/lumen,ausleihfähig,"gut, mixed media mit Eberhauer","Ja, Halterung (Teller mit Pin) auf die der Innenkern des Hutes aufgesteckt werden kann","Vitrine - flach / stehend, aktive Klimatisierung, 100%iger UV Schutz, Beleuchtung nach Vorgabe",06,E55.2 Headhunting,2019-05-27 00:00:00,"Ethnologisches Museum, Staatliche Museen zu Berlin",,M:\MuseumPlus\Produktiv\Sammlung\120426.jpg,,,"Das Ethnologisches Museum, Staatliche Museen zu Berlin bzw. eine Vorgängerinstitution erwarb das Objekt 1896 durch Schenkung."
120427,I C 28388,"Ethnologisches Museum, Staatliche Museen zu Berlin",EM-Süd- und Südostasien,Helm,,1,Indien (Land); Ao-Naga  (Ethnie),2. Hälfte 19. Jahrhundert,1851,1900,"60 x 64 x 24 cm Objektmaß; 0,5 kg Gewicht","Gewicht: 0,5 kg","Geflecht aus Rohr mit einem Gewebe aus pflanzlichem Material. Verzierungen aus pflanzlichem Material, Horn u. Eberhauern, Borsten und weißer Farbe","Beschriftung des Dias: Hut der Ao, mit Federn (Inv. Nr. I C 28141) Eintrag im historischen Hauptkatalog: ""Kora"" Rohrhelm der Âo Eintrag historische Karteikarte: ""Kora"" Rohrhelm der Âo mit Hörnern, Eberzähnen und zwei Hornvogelfedern. Es sind 2 x 7 Federn mit den Inventar Nummern 28141, 28141 a, b, c und d vorhanden, es befinden sich jedoch nur maximal 12 Federhalter auf dem Helm. Darüber, wie die anderen Federn befestigt werden gibt es bisher keine konkreten Angaben. Muss geklärt werden.  U. Hohmann, 05.10.2009",52% r.F.,21° C ± 1° C,_EM/Aku-Hufo: Stufe 3 (mittlere Lichtempfindlichkeit) = max. 50 lx (150 000 lx h pro Jahr); UV-Anteil < 75 µW/lumen,ausleihfähig,"gut-befriedigend, mixed media mit Eberhauern","Layout offen, Aufstellung flach stehend oder über tellerförmige Halterung mit Pin für Innenkern, Federn werden eingesteckt, darüber großformatiger","Vitrine - flach / stehend, mit und ohne Halterung, aktive Klimatisierung, 100%iger UV Schutz, Beleuchtung nach Vorgabe",12,E55.1 Collecting the Naga,2019-05-27 00:00:00,"Ethnologisches Museum, Staatliche Museen zu Berlin",Martin Franken,M:\MuseumPlus\Produktiv\Sammlung\120427.jpg,,,"Das Ethnologisches Museum, Staatliche Museen zu Berlin bzw. eine Vorgängerinstitution erwarb das Objekt 1896 durch Schenkung."
120430,I C 28391,"Ethnologisches Museum, Staatliche Museen zu Berlin",EM-Süd- und Südostasien,Muschelhalsband für Männer,,1,Indien (Land); Ao-Naga  (Ethnie),2. Hälfte 19. Jahrhundert,1851,1900,"95 x 2,4 cm Höhe x Durchmesser; Muschelperle 1,5 cm Durchmesser; < 2 kg Gewicht",Gewicht: < 2 kg,"Schnecke, Schmuckstein",,52% r.F.,21° C ± 1° C,_EM/Aku-Hufo: Stufe 3 (mittlere Lichtempfindlichkeit) = max. 50 lx (150 000 lx h pro Jahr); UV-Anteil < 75 µW/lumen,ausleihfähig,gut,"Nein, liegend bis 30° Grad Schräge, mit Noppen oder Stiften ausrichten, bzw. sichern","Vitrine - liegend bis 30°, aktive Klimatisierung, 100%iger UV Schutz, Beleuchtung nach Vorgabe",02,E55.7 Materiality/Trade,2019-05-27 00:00:00,"Ethnologisches Museum, Staatliche Museen zu Berlin",,M:\MuseumPlus\Produktiv\Sammlung\120430.jpg,,,"Das Ethnologisches Museum, Staatliche Museen zu Berlin bzw. eine Vorgängerinstitution erwarb das Objekt 1896 durch Schenkung."
120434,I C 28395,"Ethnologisches Museum, Staatliche Museen zu Berlin",EM-Süd- und Südostasien,Halskette,,1,Indien (Land); Ao-Naga  (Ethnie),2. Hälfte 19. Jahrhundert,1851,1900,"ca. 19,2 x 15 x 1,8 cm Höhe x Breite x Tiefe; < 2 kg Gewicht",Gewicht: < 2 kg,"Muschel, Glasperlen, Keramikperlen",Karteikarte : Halskette der Ao-Naga,52% r.F.,21° C ± 1° C,_EM/Aku-Hufo: Stufe 3 (mittlere Lichtempfindlichkeit) = max. 50 lx (150 000 lx h pro Jahr); UV-Anteil < 75 µW/lumen,leihfähig,gut,"keine / nein, liegend bis 30° Grad Schräge, mit Stiften oder Noppen ausrichten, bzw. sichern","Vitrine - liegend bis 30°, aktive Klimatisierung, 100%iger UV Schutz, Beleuchtung nach Vorgabe",2,E55.9 Textiles/Jewelery,2015-08-24 00:00:00,"Ethnologisches Museum, Staatliche Museen zu Berlin",,M:\MuseumPlus\Produktiv\Sammlung\120434.jpg,,,"Das Ethnologisches Museum, Staatliche Museen zu Berlin bzw. eine Vorgängerinstitution erwarb das Objekt 1896 durch Schenkung."
1035693,"I C 28407 a,b","Ethnologisches Museum, Staatliche Museen zu Berlin",EM-Süd- und Südostasien,Armspange,,2,Indien (Land); Ao-Naga  (Ethnie); historische Bezeichnung: Assam,2. Hälfte 19. Jahrhundert,1851,1900,"a) 7,6 x 9,1 x 3,2 cm Objektmaß; b) 7,7 x 9 x 3,5 cm Objektmaß; a,b < 2 kg Gewicht","Gewicht: a,b < 2 kg","Messing mit Muster, gegossen",,50% r.F.,21° C ± 1° C,"_EM/Aku-Hufo: Stufe 1 (keine Lichtempfindlichkeit) = keine Einschränkung, wenn keine Objekterwärmung durch Lichtquelle; UV-Anteil < 75 µW/lumen",ausleihfähig,"gut, Metall","Layout offen, legen bis 30° Schräge oder eine erhöhte Auflage, oder angepasste Halterung","Vitrine - liegend bis 30°, aktive Klimatisierung, 100%iger UV Schutz, Beleuchtung nach Vorgabe",04,E55.5 Fashion,2019-05-27 00:00:00,"Ethnologisches Museum, Staatliche Museen zu Berlin",,M:\MuseumPlus\Produktiv\Sammlung\1035693.jpg,,,"Das Ethnologisches Museum, Staatliche Museen zu Berlin bzw. eine Vorgängerinstitution erwarb das Objekt 1896 durch Schenkung."
120451,I C 28410,"Ethnologisches Museum, Staatliche Museen zu Berlin",EM-Süd- und Südostasien,Ohrschmuck,,1,Indien (Land); Ao-Naga  (Ethnie); historische Bezeichnung: Assam,2. Hälfte 19. Jahrhundert,1851,1900,Ohrpflock 14 cm Länge; < 2 kg Gewicht; Anhänger 31 cm Länge,Gewicht: < 2 kg,Ohrschmuck aus Metall mit Glöckchen und Haarquasten,Ohrschmuck für Ao Männer Beschriftung des Dias: Messing Ohrgehänge mit Glöckchen und Ziegenhaar,50% r.F.,21° C ± 1° C,_EM/Aku-Hufo: Stufe 3 (mittlere Lichtempfindlichkeit) = max. 50 lx (150 000 lx h pro Jahr); UV-Anteil < 75 µW/lumen,ausleihfähig,"gut, Metall und Haar","Nein, liegend bis 30°, mit Stiften oder Noppen ausrichten, bzw. sichern","Vitrine - liegend bis 30°; aktive Klimatisierung, 100%iger UV Schutz, Beleuchtung nach Vorgabe",4,E55.5 Fashion,2019-05-27 00:00:00,"Ethnologisches Museum, Staatliche Museen zu Berlin",Leonie Gärtner,M:\MuseumPlus\Produktiv\Sammlung\120451.jpg,,,"Das Ethnologisches Museum, Staatliche Museen zu Berlin bzw. eine Vorgängerinstitution erwarb das Objekt 1896 durch Schenkung."
120503,I C 28460,"Ethnologisches Museum, Staatliche Museen zu Berlin",EM-Süd- und Südostasien,Schärpe,,,Indien (Land); Ao-Naga  (Ethnie); historische Bezeichnung: Assam,,,,182 x 30 cm Länge x Breite,,Baumwolle; Wolle; Haar; Pflanzenfaser,,50% r.F.,21° C ± 1° C,"_EM/Aku-Hufo: Stufe 4 (hohe Lichtempfindlichkeit) = max. 50 lx (75 000 lx h pro Jahr/ 6 Monate, danach 5 Jahre Sperre); UV-Anteil < 75 µW/lumen",bedingt ausleihfähig,gut,extern herzustellen; Montage durch spezialisierte Fachkraft,"Vitrine - flach / stehend, aktive Klimatisierung,100%iger UV-Schutz, Beleuchtung nach Vorgabe",20,E55.2 Headhunting,2019-05-27 00:00:00,"Ethnologisches Museum, Staatliche Museen zu Berlin",Claudius Kamps,M:\MuseumPlus\Produktiv\Sammlung\120503.jpg,,,"Das Ethnologisches Museum, Staatliche Museen zu Berlin bzw. eine Vorgängerinstitution erwarb das Objekt 1896 durch Schenkung."
795992,I C 28461,"Ethnologisches Museum, Staatliche Museen zu Berlin",EM-Süd- und Südostasien,Brustschmuck eines Häuptlings,,1,Indien (Land); Naga (Ao) (Ethnie),2. Hälfte 19. Jahrhundert,1851,1900,23 x 54 x 3 cm Höhe x Breite x Tiefe; < 2 kg Gewicht,Gewicht: < 2 kg,Holz; Pflanzenfasergeflecht; Kaurischnecke; Orchideenstängel; Ziegenhaar,"Beschreibung des Dia: Brustschmuck ""Feindeszähne""",52% r.F.,21° C ± 1° C,_EM/Aku-Hufo: Stufe 3 (mittlere Lichtempfindlichkeit) = max. 50 lx (150 000 lx h pro Jahr); UV-Anteil < 75 µW/lumen,ausleihfähig,gut-befriedigend,Layout offen; liegend bis 30° Schräge oder stehend über angepasste Halterung,"Vitrine - flach / stehend, aktive Klimatisierung, 100%iger UV Schutz, Beleuchtung nach Vorgabe",8,E55.2 Headhunting,2015-08-24 00:00:00,"Ethnologisches Museum, Staatliche Museen zu Berlin",,M:\MuseumPlus\Produktiv\Sammlung\795992.jpg,,,"Das Ethnologisches Museum, Staatliche Museen zu Berlin bzw. eine Vorgängerinstitution erwarb das Objekt 1896 durch Schenkung."
120506,"I C 28464 a,b","Ethnologisches Museum, Staatliche Museen zu Berlin",EM-Süd- und Südostasien,Ohrschmuck,,2,Indien (Land); Ao-Naga  (Ethnie),2. Hälfte 19. Jahrhundert,1851,1900,"a) 32,5 x 4 x 1,6 cm Höhe x Breite x Tiefe; b) 31 x 4 x 1,8 cm Höhe x Breite x Tiefe; a,b < 2 kg Gewicht","Gewicht: a,b < 2 kg",Ein Paar Ohrschmuck aus Pflanzenfaser und rotem Haar,"Karteikarte : ""Arung Naru"", Ohrschmuck der Ao Ohrschmuck (2 Teile)",52% r.F.,21° C ± 1° C,_EM/Aku-Hufo: Stufe 3 (mittlere Lichtempfindlichkeit) = max. 50 lx (150 000 lx h pro Jahr); UV-Anteil < 75 µW/lumen,ausleihfähig,gut,"Nein, liegend bis 30° Schräge, mit Stiften und Noppen ausrichten, bzw. sichern","Vitrine - liegend bis 30°, aktive Klimatisierung, 100%iger UV Schutz, Beleuchtung nach Vorgabe",04,E55.5 Fashion,2019-05-27 00:00:00,"Ethnologisches Museum, Staatliche Museen zu Berlin",,M:\MuseumPlus\Produktiv\Sammlung\120506.jpg,,,"Das Ethnologisches Museum, Staatliche Museen zu Berlin bzw. eine Vorgängerinstitution erwarb das Objekt 1896 durch Schenkung."
120509,"I C 28467 a,b,c","Ethnologisches Museum, Staatliche Museen zu Berlin",EM-Süd- und Südostasien,Fußringe,,3,Indien (Land); Ao-Naga  (Ethnie),2. Hälfte 19. Jahrhundert,1851,1900,"a) 18 x 20 cm Höhe x Breite; b) 14 x 16,5 cm Höhe x Breite; c) 11,5 x 13,5 cm Höhe x Breite; a,b,c < 2 kg Gewicht","Gewicht: a,b,c < 2 kg",Pflanzenfaser; Haar,"Karteikarte : ""Arun"" Kap"", 3 Fußringe der Ao-Männer",52% r.F.,21° C ± 1° C,_EM/Aku-Hufo: Stufe 3 (mittlere Lichtempfindlichkeit) = max. 50 lx (150 000 lx h pro Jahr); UV-Anteil < 75 µW/lumen,ausleihfähig,gut,"Nein, liegend bis 30° Grad Schräge, mit Stiften ausrichten, bzw. sichern","Vitrine - liegend bis 30°, aktive Klimatisierung, 100%iger UV Schutz, Beleuchtung nach Vorgabe",08,E55.9 Textiles/Jewelery,2019-05-27 00:00:00,"Ethnologisches Museum, Staatliche Museen zu Berlin",Martin Franken,M:\MuseumPlus\Produktiv\Sammlung\120509.jpg,,,"Das Ethnologisches Museum, Staatliche Museen zu Berlin bzw. eine Vorgängerinstitution erwarb das Objekt 1896 durch Schenkung."
120512,I C 28470,"Ethnologisches Museum, Staatliche Museen zu Berlin",EM-Süd- und Südostasien,Panjikorb,,1,Indien (Land); Ao-Naga  (Ethnie),2. Hälfte 19. Jahrhundert,1851,1900,"55,5 x 13,5 x 23 cm Höhe x Breite x Tiefe; < 2 kg Gewicht",Gewicht: < 2 kg,"Pflanzenfaser; Holz, Einlagen, Haar","Karteikarte : ""Soku"" oder ""Shuku"", Panjikörbchen mit 10 hölzernen Köpfen und Haar verziert. Als Riemen, an dem es über die Schulter gehängt wird, dient ein Bastband",52%,21° C ± 1° C,_EM/Aku-Hufo: Stufe 3 (mittlere Lichtempfindlichkeit) = max. 50 lx (150 000 lx h pro Jahr); UV-Anteil < 75 µW/lumen,ausleihfähig,gut-befriedigend,"Layout offen, stehend oder hängend, jeweils über angepasste Halterung mit Auflage für den Boden und den Rücken sowie Schutz vor verrutschen nach vorne","Vitrine - vertikal OK; aktive Klimatisierung, 100%iger UV Schutz, Bleuchtung nach Vorgabe",16,E55.2 Headhunting,2019-05-27 00:00:00,"Ethnologisches Museum, Staatliche Museen zu Berlin",,M:\MuseumPlus\Produktiv\Sammlung\120512.jpg,,,"Das Ethnologisches Museum, Staatliche Museen zu Berlin bzw. eine Vorgängerinstitution erwarb das Objekt 1896 durch Schenkung."
120514,I C 28472,"Ethnologisches Museum, Staatliche Museen zu Berlin",EM-Süd- und Südostasien,Panjikorb,,1,Indien (Land); Ao-Naga  (Ethnie),2. Hälfte 19. Jahrhundert,1851,1900,65 x 43 x 13 cm Höhe x Breite x Tiefe; < 2 kg Gewicht,Gewicht: < 2 kg,"Pflanzenfasern, Holz, Ziegenhaar",Beschriftung auf dem Dia: Ao-Panjeekörbchen mit Schweif aus gefärbtem Ziegenhaar,52% r.F.,21° C ± 1° C,_EM/Aku-Hufo: Stufe 3 (mittlere Lichtempfindlichkeit) = max. 50 lx (150 000 lx h pro Jahr); UV-Anteil < 75 µW/lumen,bedingt ausleihfähig,befriedigend,"Layout offen, stehend oder hängend, jeweils nur über eine angepasste Halterung die den Korb und den Ausleger unterstützt und sichert, Stauchung der Haare und verrutschen muss dringend vermeiden werden","Vitrine - vertikal OK; aktive Klimatisierung, 100%iger UV Schutz, Beleuchtung nach Vorgabe",16,E55.2 Headhunting,2019-05-27 00:00:00,"Ethnologisches Museum, Staatliche Museen zu Berlin",,M:\MuseumPlus\Produktiv\Sammlung\120514.jpg,,,"Das Ethnologisches Museum, Staatliche Museen zu Berlin bzw. eine Vorgängerinstitution erwarb das Objekt 1896 durch Schenkung."
120541,I C 28498,"Ethnologisches Museum, Staatliche Museen zu Berlin",EM-Süd- und Südostasien,Dao-Schwertscheide,,2,Indien (Land); Nagaland (Bundesstaat); Ao-Naga  (Ethnie),2. Hälfte 19. Jahrhundert,1851,1900,"9,3 x 19 x 6,8 cm Höhe x Breite x Tiefe; Gurt 30 cm Länge; max. Präsentationsmaß 33 x 30 cm Länge x Breite; min. Präsentationsmaß 28 x 20 cm Länge x Breite; < 2 kg Gewicht",Gewicht: < 2 kg,"Holz, beschnitzt, Metalleinlage; Textil; Kaurischnecken","Karteikarte : ""Nok Leptsü"", Dao-Scheide der Ao",52% r.F.,21° C ± 1° C,_EM/Aku-Hufo: Stufe 3 (mittlere Lichtempfindlichkeit) = max. 50 lx (150 000 lx h pro Jahr); UV-Anteil < 75 µW/lumen,ausleihfähig,gut-befriedigend,"keine / nein, stehend / liegend bis 30° Schräge, Gurt nicht knicken, ggf. mit Noppen/ Stiften sichern",Vitrine - flach / stehend,04,E55.2 Headhunting,2015-08-24 00:00:00,"Ethnologisches Museum, Staatliche Museen zu Berlin",,M:\MuseumPlus\Produktiv\Sammlung\120541.jpg,,,"Das Ethnologisches Museum, Staatliche Museen zu Berlin bzw. eine Vorgängerinstitution erwarb das Objekt 1896 durch Schenkung."
120594,I C 28552,"Ethnologisches Museum, Staatliche Museen zu Berlin",EM-Süd- und Südostasien,Schwertgurt für Dao-Schwert,,2,Indien (Land); Miri-Naga  (Ethnie),2. Hälfte 19. Jahrhundert,1851,1900,"102 x 7,5 cm (Gurt) Länge x Breite; 23 x 13 x 3,5 cm (Scheide) Objektmaß",,Holz; Haar; Baumwolle; Wolle; Kaurischnecken; Bein,Karteikarte : Dao-Gurt der Miri-Naga,52% r.F.,21° C ± 1°,_EM/Aku-Hufo: Stufe 3 (mittlere Lichtempfindlichkeit) = max. 50 lx (150 000 lx h pro Jahr); UV-Anteil < 75 µW/lumen,ausleihfähig,gut-ausreichend,"Nein, liegend bis 30° Grad Schräge, ggf. mit Stiften sichern, Länge des Gurtes berücksichtigen","Vitrine - liegend bis 30°, aktive Klimatisierung, 100%iger UV Schutz, Beleuchtung nach Vorgabe",08,E55.7 Materiality/Trade,2013-09-16 00:00:00,"Ethnologisches Museum, Staatliche Museen zu Berlin",Martin Franken,M:\MuseumPlus\Produktiv\Sammlung\120594.jpg,,,"Das Ethnologisches Museum, Staatliche Museen zu Berlin bzw. eine Vorgängerinstitution erwarb das Objekt 1896 durch Schenkung."
120621,I C 28578,"Ethnologisches Museum, Staatliche Museen zu Berlin",EM-Süd- und Südostasien,Speer,,,Indien (Land); Rengma-Naga  (Ethnie); historische Bezeichnung: Assam,,,,"203,5 cm Länge",,Holz; Metall; Ziegenhaar,,50% r.F.,21° C ± 1° C,_EM/Aku-Hufo: Stufe 3 (mittlere Lichtempfindlichkeit) = max. 50 lx (150 000 lx h pro Jahr); UV-Anteil < 75 µW/lumen,ausleihfähig,"gut-befriedigend, mixed media mit Metall","ja, Wand- oder Standhalterung, genügend Abstand zur Wand (Haare), mindestens ein Haltepunkte und Sicherung für das Speerende gegen wegrutschen, kein Druck auf die Haare","Vitrine - vertikal OK, aktive Klimatisierung, 100%iger UV Schutz",06,E55.11 Mainpiece,2019-05-27 00:00:00,"Ethnologisches Museum, Staatliche Museen zu Berlin",Dr. Alok Kumar Kanungo,M:\MuseumPlus\Produktiv\Sammlung\120621.jpg,,,"Das Ethnologisches Museum, Staatliche Museen zu Berlin bzw. eine Vorgängerinstitution erwarb das Objekt 1896 durch Schenkung."
121210,I C 28581,"Ethnologisches Museum, Staatliche Museen zu Berlin",EM-Süd- und Südostasien,Männerobergewand,,,Indien (Land); Tangkul-Naga  (Ethnie),,,,194 x 123 cm Länge x Breite,,Baumwolle,,50% r.F.,21° C ± 1° C,"_EM/Aku-Hufo: Stufe 4 (hohe Lichtempfindlichkeit) = max. 50 lx (75 000 lx h pro Jahr/ 6 Monate, danach 5 Jahre Sperre); UV-Anteil < 75 µW/lumen",bedingt ausleihfähig,gut,extern herzustellen; Montage durch spezialisierte Fachkraft,"Vitrine - vertikal OK, aktive Klimatisierung,100%iger UV-Schutz, Beleuchtung nach Vorgabe",25,E55.9 Textiles/Jewelery,2019-05-28 00:00:00,"Ethnologisches Museum, Staatliche Museen zu Berlin",Marion Wettstein,M:\MuseumPlus\Produktiv\Sammlung\121210.jpg,,,"Das Ethnologisches Museum, Staatliche Museen zu Berlin bzw. eine Vorgängerinstitution erwarb das Objekt 1896 durch Schenkung."
120633,I C 28591,"Ethnologisches Museum, Staatliche Museen zu Berlin",EM-Süd- und Südostasien,Speer,,1,Indien (Land/Region); Naga (Ethnie),,,,"271,5 cm Länge",,,"Eintrag im historischen Hauptkatalog: Speer der Naga Eintrag historische Karteikarte: Material: Schaft: Holz; Spitzen: Eisen; Umwicklung: Ziegenhaar Merkmale: Flache Spitze, auf den Schaft gesteckt. Anschließend zweiteilige Umwicklung: Schnur mit kurzen Haaren, am Schaft befestigt, dass ein sammetartiger Bezug entsteht. Im letzten Drittel des 1. Teiles, sind die riten Haare, durch einen Ring aus schwarzen, unterbrochen. Am Ende des 2. Teiles, ein Büschel aus langen Haaren. Runde Endspitze aufgesteckt. Farben: Schaft: hellbraun; Ziegenhaare: rot - schwarz Maße: Ges. Länge: 271 cm ( Schaft: 197 cm, Spitze: 57,5 cm, Endspitze: 16,5 cm, Umwicklung: 71 und 58 cm.)",50% r.F.,21° C ± 1° C,_EM/Aku-Hufo: Stufe 3 (mittlere Lichtempfindlichkeit) = max. 50 lx (150 000 lx h pro Jahr); UV-Anteil < 75 µW/lumen,ausleihfähig,"gut-befriedigend, mixed media mit Metall","ja, Wand- oder Standhalterung, genügend Abstand zur Wand (Haare), mindestens ein Haltepunkte und Sicherung gegen verrutschen am Speerende, Spitze ist lose, kein Druck auf die Haare","frei - vertikal OK, aktive Klimatisierung, 100%iger UV Schutz, Beleuchtung nach Vorgabe",06,E55.11 Mainpiece,2019-05-27 00:00:00,"Ethnologisches Museum, Staatliche Museen zu Berlin",,M:\MuseumPlus\Produktiv\Sammlung\120633.jpg,,,"Das Ethnologisches Museum, Staatliche Museen zu Berlin bzw. eine Vorgängerinstitution erwarb das Objekt 1896 durch Schenkung."
120639,I C 28597,"Ethnologisches Museum, Staatliche Museen zu Berlin",EM-Süd- und Südostasien,Speer,,1,Indien (Land); Naga (Ethnie),,,,226 cm Länge,,Metall; Holz; Ziegenhaar,"Eintrag im historischen Hauptkatalog: Speer der Naga Eintrag historische Karteikarte: Material: Schaft: Holz; Spitzen: Eisen; Umwicklung: Ziegenhaar Merkmale: Flache Spitze, auf den Schaft gesteckt. Anschließend eine zweiteilige Umwicklung, mit 12 cm Zwischenraum: Kurze Haare mit Schnur am Schaft befestigt, dass ein sammetartiger Bezug entsteht. In der Mitte der beiden Teile, zwei schwarze Ringe. Am Abschluß des 2. Teiles, ein Büschel aus langen Haaren. Am Schaftende, eine runde Spitze aufgesteckt. Farben: Schaft: hellbraun; Ziegenhaare: rot- schwarz Maße: Ges. Länge: 226 cm (Schaft: 170 cm, Spitze: 41 cm, Endspitze: 15 cm, Umwicklung: 69 und 60 cm.)",50% r.F.,21° C ± 1° C,_EM/Aku-Hufo: Stufe 3 (mittlere Lichtempfindlichkeit) = max. 50 lx (150 000 lx h pro Jahr); UV-Anteil < 75 µW/lumen,ausleihfähig,"gut, mixed media mit Metall","Ja, stehend, mindestens 5-10 cm Abstand zur , Speerende gegen wegrutschen sichern","Vitrine - vertikal OK, aktive Klimatisierung, 100%iger UV Schutz, Beleuchtung nach Vorgabe",06,E55.11 Mainpiece,2019-05-27 00:00:00,"Ethnologisches Museum, Staatliche Museen zu Berlin",,M:\MuseumPlus\Produktiv\Sammlung\120639.jpg,,,"Das Ethnologisches Museum, Staatliche Museen zu Berlin bzw. eine Vorgängerinstitution erwarb das Objekt 1896 durch Schenkung."
120640,I C 28598,"Ethnologisches Museum, Staatliche Museen zu Berlin",EM-Süd- und Südostasien,Speer,,1,Indien (Land); Naga (Ethnie),2. Hälfte 19. Jahrhundert,1851,1900,237 cm Länge,,,"Eintrag im historischen Hauptkatalog: Speer der Naga Eintrag historische Karteikarte: Material: Schaft: Holz; Spitzen: Eisen; Umwicklung: Ziegenhaar Merkmale: Flache Spitze, auf den Schaft gesteckt. Umwicklung: Eng um den Schaft gewickelte Schnur, durch die in bestimmten Abständen jeweils eine Reihe Haare gezogen wurde, dass sie dachziegelartig übereinander liegen. Ca. 2/3 sind rot und ohne Muster . Der Rest ist schwarz, von einem weißen Haarkranz am Anfang und Ende begrenzt. In der Mitte dieses Teiles, befindet sich ein Muster; in 6 gleiche Längstteile aufgeteilt, 3 durchgehende schwarze und 3 Streifen rot- weiß- rot. Den Abschluss bildet eine rote Reihe. Am Schaftende, ist eine vierkantige Spitze aufgesteckt. Farben: Schaft: hellbraun; Ziegenhaare: rot- schwarz Maße: Ges. Länge: 237 cm (Schaft: 137,5 cm, Spitze: 65 cm, Endspitze: 34,5 cm, Umwicklung: 85 cm.)",50%,Humboldt Forum Jahressollwertkurve (20 - 24°C),_EM/Aku-Hufo: Stufe 3 (mittlere Lichtempfindlichkeit) = max. 50 lx (150 000 lx h pro Jahr); UV-Anteil < 75 µW/lumen,ausleihfähig,"gut-befriedigend, mixed media mit Metall","Ja, Wand- oder Standhalterung, genügend Abstand zur Wand (Haare), mindestens ein Haltepunkte und Sicherung gegen verrutschen am Speerende, Spitze ist lose, kein Druck auf die Haare, Speerende gegen wegrrutschen sichern","Vitrine - vertikal OK, aktive Klimatisierung,100%iger UV Schutz, Bleuchtung nach Vorgabe",10,E55.11 Mainpiece,2019-05-27 00:00:00,"Ethnologisches Museum, Staatliche Museen zu Berlin",,M:\MuseumPlus\Produktiv\Sammlung\120640.jpg,,,"Das Ethnologisches Museum, Staatliche Museen zu Berlin bzw. eine Vorgängerinstitution erwarb das Objekt 1896 durch Schenkung."
1854352,I C 29111,"Ethnologisches Museum, Staatliche Museen zu Berlin",EM-Süd- und Südostasien,"Materialproben und Rohstoffe (Pflanzlich, Tierisch, Werkstoffe)",Färbepflanze,1,Indien (Land); Khamti (Khampti) (Ethnie); historische Bezeichnung: Assam,2. Hälfte 19. Jahrhundert,1851,1900,13 x 14 x 5 cm Objektmaß,,Pflanzenfaser,,52% r.F.,21° C ± 1° C,_EM/Aku-Hufo: Stufe 3 (mittlere Lichtempfindlichkeit) = max. 50 lx (150 000 lx h pro Jahr); UV-Anteil < 75 µW/lumen,ausleihfähig,"befriedigend, fragil",Nein,"Vitrine - liegend bis 30°, aktive Klimatisierung, 100%iger UV Schutz, Beleuchtung nach Vorgabe",1,E55.8 Botanical Aspects,2019-05-23 00:00:00,"Ethnologisches Museum, Staatliche Museen zu Berlin",Claudius Kamps,M:\MuseumPlus\Produktiv\Sammlung\1854352.jpg,,,"Das Ethnologisches Museum, Staatliche Museen zu Berlin bzw. eine Vorgängerinstitution erwarb das Objekt 1896 durch Schenkung."
120699,I C 33876,"Ethnologisches Museum, Staatliche Museen zu Berlin",EM-Süd- und Südostasien,Gürtel,,1,"Indien (Land); Naga (Namsang-, Namzik) (Ethnie)",2. Hälfte 19. Jahrhundert,1851,1900,"10 x 24 cm Höhe x Durchmesser; einzelnes Band 0,6 cm Breite; < 2 kg Gewicht",Gewicht: < 2 kg,"Rotang, gefärbt",3876,52% r.F.,21° C ± 1° C,_EM/Aku-Hufo: Stufe 3 (mittlere Lichtempfindlichkeit) = max. 50 lx (150 000 lx h pro Jahr); UV-Anteil < 75 µW/lumen,ausleihfähig,gut,keine / nein,"Vitrine - flach / stehend, aktive Klimatisierung, 100%iger UV Schutz, Beleuchtung nach Vorgabe",04,E55.9 Textiles/Jewelery,2019-05-27 00:00:00,"Ethnologisches Museum, Staatliche Museen zu Berlin",,M:\MuseumPlus\Produktiv\Sammlung\120699.jpg,,,"Das Ethnologisches Museum, Staatliche Museen zu Berlin bzw. eine Vorgängerinstitution erwarb das Objekt 1906 durch Schenkung."
1034351,I C Nls 789,"Ethnologisches Museum, Staatliche Museen zu Berlin",EM-Süd- und Südostasien,Frauenkleid,,1,Indien (Land); Naga (Rengma) (Ethnie),2. Hälfte 19. Jahrhundert,1851,1900,"149 x 79 cm Länge x Breite; 0,6 kg Gewicht","Gewicht: 0,6 kg","Baumwolle, Kaurischnecken, Haar","Tuch für Rengma-Frauen Objekt ohne Angabe des Sammler, da ursprüngliche Objektnummer verloren gegangen ist.",50% r.F.,21° C ± 1° C,"_EM/Aku-Hufo: Stufe 4 (hohe Lichtempfindlichkeit) = max. 50 lx (75 000 lx h pro Jahr/ 6 Monate, danach 5 Jahre Sperre); UV-Anteil < 75 µW/lumen",bedingt ausleihfähig,gut,"Layout offen, Varianten nach Absprache","Vitrine - flach / stehend, aktive Klimatisierung,100%iger UV-Schutz, Beleuchtung nach Vorgabe",25,E55.7 Materiality/Trade,2019-05-24 00:00:00,"Ethnologisches Museum, Staatliche Museen zu Berlin",,M:\MuseumPlus\Produktiv\Sammlung\1034351.jpg,,,
242392,VII 78/1879,"Ethnologisches Museum, Staatliche Museen zu Berlin",EM-Medienarchiv,Schellackplatte,"Titel A: Liebeslied, Lied, das nach der Landarbeit gesungen wird, Lied, auf dem Sekreni-Fest gesungen",,Angami Naga (Ethnie); Indien (Land); Kohima-Naga Hills (Ort); Nordindien (Region),,,,,,,,Humboldt Forum Jahressollwertkurve (48 - 52%),Humboldt Forum Jahressollwertkurve (20 - 24°C),"Stufe 3 (hohe Empfindlichkeit) = max. 100 lux, UV-Anteil < 75 µW/lumen",ausleihfähig,gut,"Montage vor Ort, Unterlage aus Hostaphan","Vitrine - liegend bis 30°, aktive Klimatisierung, 100%iger UV-Schutz, Beleuchtung nach Vorgabe",,E55.6 Music,2019-05-16 00:00:00,"Ethnologisches Museum, Staatliche Museen zu Berlin",,M:\MuseumPlus\Produktiv\Sammlung\242392.jpg,,,
1841097,VII W 9343,"Ethnologisches Museum, Staatliche Museen zu Berlin",EM-Phonogramm-Archiv,Walze,Kauffmann Assam,,Aufnahmeort: Nagaberge; Asien (Kontinent); Assam (Region); Ost-Angami (Ethnie),1936-1937,,,126 U/min Geschwindigkeit (Walze); 0:2:58 std/min/sek Spieldauer,,,,,,,ausleihfähig,"moderne Kopie, hergestellt EM-intern/ Abt. Musikethnologie",,ohne Vorgaben,,E55.6 Music,2019-05-24 00:00:00,"Ethnologisches Museum, Staatliche Museen zu Berlin",,M:\MuseumPlus\Produktiv\Sammlung\1841097.jpg,,,
2458044,VIII C 4617 c,"Ethnologisches Museum, Staatliche Museen zu Berlin",EM-Süd- und Südostasien,"Positiv, SW",,1,Indien (Land); Ao-Naga (Ethnie),1881,,,16 x 12 cm Bildformat (Foto),,,,,,,,,,,,E55.1 Collecting the Naga,2019-05-28 00:00:00,"Ethnologisches Museum, Staatliche Museen zu Berlin",,M:\MuseumPlus\Produktiv\Sammlung\2458044.jpg,,,
2458605,VIII C 4618 b,"Ethnologisches Museum, Staatliche Museen zu Berlin",EM-Süd- und Südostasien,"Positiv, SW",,1,Indien (Land/Region); Ao Naga (Ethnie),,,,,,,,,,,Repro keine weiteren Vorgaben,Repro wird angefertigt,,,,E55.1 Collecting the Naga,2019-05-28 00:00:00,"Ethnologisches Museum, Staatliche Museen zu Berlin",,M:\MuseumPlus\Produktiv\Sammlung\2458605.jpg,,,
2458116,VIII C 4619 e,"Ethnologisches Museum, Staatliche Museen zu Berlin",EM-Süd- und Südostasien,"Positiv, SW",,1,Indien (Land); Ao-Naga (Ethnie),1881,,,16 x 12 cm Bildformat (Foto),,,,,,,,,,,,E55.1 Collecting the Naga,2019-05-28 00:00:00,"Ethnologisches Museum, Staatliche Museen zu Berlin",,M:\MuseumPlus\Produktiv\Sammlung\2458116.jpg,,,
2458120,VIII C 4621 c,"Ethnologisches Museum, Staatliche Museen zu Berlin",EM-Süd- und Südostasien,"Positiv, SW",,1,Indien (Land); Ao-Naga (Ethnie),1881,,,16 x 12 cm Bildformat (Foto),,,,,,,,,,,,E55.1 Collecting the Naga,2019-05-28 00:00:00,"Ethnologisches Museum, Staatliche Museen zu Berlin",,M:\MuseumPlus\Produktiv\Sammlung\2458120.jpg,,,
2458127,VIII C 4625 e,"Ethnologisches Museum, Staatliche Museen zu Berlin",EM-Süd- und Südostasien,"Positiv, SW",,1,Indien (Land); Ao-Naga (Ethnie),1881,,,16 x 12 cm Bildformat (Foto),,,,,,,,,,,,E55.1 Collecting the Naga,2019-05-28 00:00:00,"Ethnologisches Museum, Staatliche Museen zu Berlin",,M:\MuseumPlus\Produktiv\Sammlung\2458127.jpg,,,
2458256,VIII C 4629 b,"Ethnologisches Museum, Staatliche Museen zu Berlin",EM-Süd- und Südostasien,"Positiv, SW",,1,Indien (Land); Ao-Naga (Ethnie),1881,,,16 x 12 cm Bildformat (Foto),,,,,,,,,,,,E55.1 Collecting the Naga,2019-05-28 00:00:00,"Ethnologisches Museum, Staatliche Museen zu Berlin",,M:\MuseumPlus\Produktiv\Sammlung\2458256.jpg,,,
2458257,VIII C 4638 b,"Ethnologisches Museum, Staatliche Museen zu Berlin",EM-Süd- und Südostasien,"Positiv, SW",,1,Indien (Land); Ao-Naga (Ethnie),1881,,,16 x 12 cm Bildformat (Foto),,,,,,,,,,,,E55.1 Collecting the Naga,2019-05-28 00:00:00,"Ethnologisches Museum, Staatliche Museen zu Berlin",,M:\MuseumPlus\Produktiv\Sammlung\2458257.jpg,,,
